mirna	ERS185036	ERS185068	ERS185082	ERS185102	ERS185125	ERS185252	ERS185400	ERS185403	ERS185470	ERS185473
hsa-let-7a-3p	59.0	82.0	86.0	88.0	48.0	49.0	60.0	30.0	45.0	35.0
hsa-let-7a-5p	68099.0	78004.0	112861.0	31520.0	47677.0	82829.0	18372.0	52276.0	34386.0	58264.0
hsa-let-7b-3p	13.0	39.0	74.0	2.0	9.0	4.0	6.0	11.0	1.0	22.0
hsa-let-7b-5p	486.0	1579.0	2132.0	76.0	543.0	397.0	194.0	597.0	476.0	802.0
hsa-let-7c-3p	0.0	0.0	0.0	0.0	0.0	1.0	0.0	0.0	0.0	0.0
hsa-let-7c-5p	74.0	2763.0	279.0	95.0	16.0	3275.0	17.0	107.0	17.0	80.0
hsa-let-7d-3p	435.0	648.0	741.0	255.0	196.0	305.0	167.0	222.0	237.0	240.0
hsa-let-7d-5p	3851.0	10261.0	5829.0	2152.0	2779.0	9952.0	859.0	3484.0	2529.0	3159.0
hsa-let-7e-3p	0.0	0.0	0.0	0.0	0.0	1.0	0.0	0.0	0.0	0.0
hsa-let-7e-5p	220.0	142.0	317.0	133.0	134.0	199.0	71.0	346.0	337.0	310.0
hsa-let-7f-1-3p	43.0	148.0	79.0	34.0	37.0	65.0	27.0	17.0	18.0	30.0
hsa-let-7f-2-3p	36.0	27.0	64.0	21.0	28.0	16.0	28.0	17.0	25.0	31.0
hsa-let-7f-5p	36682.0	74464.0	95655.0	43594.0	38985.0	81547.0	15512.0	34544.0	41564.0	34018.0
hsa-let-7g-3p	16.0	39.0	44.0	18.0	10.0	33.0	5.0	15.0	11.0	12.0
hsa-let-7g-5p	11080.0	23772.0	24935.0	7749.0	11087.0	27507.0	4559.0	10895.0	9292.0	10374.0
hsa-let-7i-3p	157.0	96.0	332.0	46.0	38.0	61.0	18.0	131.0	21.0	63.0
hsa-let-7i-5p	7781.0	13076.0	16509.0	7391.0	4300.0	12406.0	3582.0	5307.0	6251.0	4787.0
hsa-miR-100-3p	0.0	0.0	0.0	1.0	0.0	0.0	0.0	0.0	0.0	0.0
hsa-miR-100-5p	4.0	0.0	3.0	1.0	3.0	1.0	0.0	1.0	1.0	1.0
hsa-miR-101-3p	704.0	2212.0	1935.0	1302.0	756.0	3712.0	313.0	466.0	907.0	469.0
hsa-miR-101-5p	0.0	0.0	0.0	0.0	0.0	1.0	0.0	1.0	0.0	1.0
hsa-miR-103a-2-5p	3.0	27.0	6.0	1.0	2.0	21.0	1.0	2.0	0.0	3.0
hsa-miR-103a-3p	5643.0	23340.0	15514.0	6602.0	5227.0	24665.0	3843.0	5380.0	4387.0	5968.0
hsa-miR-106a-3p	1.0	8.0	1.0	1.0	0.0	2.0	0.0	1.0	0.0	1.0
hsa-miR-106a-5p	164.0	1532.0	224.0	25.0	34.0	321.0	237.0	151.0	14.0	89.0
hsa-miR-106b-3p	981.0	1975.0	2948.0	654.0	641.0	1291.0	497.0	770.0	575.0	495.0
hsa-miR-106b-5p	161.0	918.0	462.0	222.0	210.0	838.0	100.0	160.0	251.0	152.0
hsa-miR-107	2171.0	8336.0	7785.0	2641.0	1782.0	8193.0	1163.0	2056.0	1324.0	1818.0
hsa-miR-10a-3p	5.0	54.0	25.0	1.0	1.0	9.0	3.0	12.0	3.0	4.0
hsa-miR-10a-5p	49428.0	83380.0	99195.0	6796.0	7347.0	18406.0	19595.0	84234.0	2538.0	41226.0
hsa-miR-10b-5p	99.0	897.0	228.0	129.0	22.0	158.0	211.0	38.0	3.0	24.0
hsa-miR-1179	1.0	0.0	0.0	0.0	0.0	0.0	0.0	0.0	0.0	0.0
hsa-miR-1180-3p	32.0	39.0	33.0	16.0	21.0	53.0	5.0	12.0	15.0	17.0
hsa-miR-1180-5p	0.0	0.0	0.0	0.0	0.0	0.0	0.0	0.0	1.0	0.0
hsa-miR-1199-5p	1.0	0.0	0.0	0.0	0.0	1.0	0.0	0.0	0.0	0.0
hsa-miR-1200	0.0	0.0	0.0	1.0	0.0	0.0	0.0	0.0	0.0	0.0
hsa-miR-122-5p	5.0	1.0	9.0	1.0	2.0	1.0	2.0	0.0	3.0	4.0
hsa-miR-1225-3p	0.0	0.0	0.0	0.0	0.0	0.0	0.0	0.0	0.0	1.0
hsa-miR-1226-3p	6.0	30.0	17.0	9.0	5.0	10.0	7.0	11.0	2.0	12.0
hsa-miR-1226-5p	1.0	3.0	2.0	3.0	0.0	2.0	0.0	1.0	0.0	0.0
hsa-miR-1227-3p	1.0	10.0	5.0	6.0	1.0	5.0	3.0	2.0	2.0	1.0
hsa-miR-1229-3p	2.0	5.0	2.0	1.0	0.0	2.0	0.0	1.0	0.0	1.0
hsa-miR-1229-5p	0.0	0.0	0.0	0.0	0.0	1.0	0.0	0.0	0.0	0.0
hsa-miR-1233-3p	0.0	0.0	0.0	0.0	0.0	0.0	1.0	1.0	0.0	1.0
hsa-miR-1234-3p	1.0	0.0	0.0	4.0	0.0	0.0	0.0	0.0	0.0	0.0
hsa-miR-1236-3p	0.0	1.0	0.0	0.0	0.0	0.0	0.0	0.0	0.0	0.0
hsa-miR-1237-3p	2.0	3.0	2.0	1.0	0.0	0.0	2.0	0.0	1.0	0.0
hsa-miR-1237-5p	1.0	0.0	1.0	0.0	0.0	0.0	0.0	0.0	0.0	0.0
hsa-miR-124-3p	0.0	0.0	0.0	0.0	0.0	1.0	0.0	0.0	0.0	0.0
hsa-miR-1243	2.0	0.0	3.0	3.0	2.0	4.0	1.0	0.0	3.0	1.0
hsa-miR-1244	0.0	0.0	1.0	0.0	0.0	1.0	0.0	0.0	0.0	0.0
hsa-miR-1245b-5p	0.0	0.0	0.0	0.0	1.0	0.0	0.0	0.0	0.0	0.0
hsa-miR-1246	4378.0	838.0	2391.0	1123.0	1029.0	1894.0	180.0	816.0	1327.0	1168.0
hsa-miR-1248	2.0	5.0	5.0	4.0	0.0	11.0	1.0	0.0	1.0	0.0
hsa-miR-1249-3p	6.0	53.0	29.0	11.0	10.0	27.0	4.0	4.0	5.0	10.0
hsa-miR-1249-5p	2.0	4.0	12.0	1.0	0.0	10.0	3.0	1.0	0.0	0.0
hsa-miR-1251-5p	0.0	0.0	0.0	0.0	0.0	2.0	0.0	0.0	0.0	0.0
hsa-miR-1253	1.0	0.0	0.0	0.0	0.0	0.0	0.0	0.0	0.0	0.0
hsa-miR-1254	24.0	47.0	31.0	4.0	14.0	4.0	12.0	11.0	7.0	10.0
hsa-miR-1255a	6.0	11.0	12.0	0.0	1.0	2.0	1.0	5.0	0.0	1.0
hsa-miR-1255b-2-3p	0.0	0.0	0.0	1.0	0.0	0.0	0.0	0.0	0.0	0.0
hsa-miR-1255b-5p	2.0	0.0	2.0	0.0	0.0	2.0	0.0	1.0	1.0	2.0
hsa-miR-1256	1.0	0.0	0.0	0.0	0.0	1.0	0.0	1.0	0.0	0.0
hsa-miR-1257	2.0	0.0	1.0	0.0	0.0	0.0	1.0	0.0	0.0	0.0
hsa-miR-125a-3p	3.0	1.0	2.0	2.0	0.0	3.0	0.0	0.0	1.0	1.0
hsa-miR-125a-5p	255.0	36.0	134.0	233.0	60.0	125.0	113.0	287.0	689.0	178.0
hsa-miR-125b-1-3p	0.0	0.0	0.0	0.0	0.0	1.0	0.0	0.0	0.0	0.0
hsa-miR-125b-2-3p	9.0	2.0	48.0	9.0	1.0	24.0	4.0	32.0	0.0	14.0
hsa-miR-125b-5p	14.0	4.0	42.0	30.0	1.0	25.0	0.0	41.0	1.0	16.0
hsa-miR-126-3p	7.0	0.0	3.0	0.0	6.0	8.0	0.0	7.0	4.0	4.0
hsa-miR-126-5p	37.0	2.0	7.0	16.0	20.0	16.0	3.0	40.0	17.0	33.0
hsa-miR-1260a	2139.0	8187.0	8291.0	2597.0	2161.0	2437.0	153.0	2039.0	1351.0	1504.0
hsa-miR-1260b	2517.0	9532.0	9845.0	3027.0	2551.0	2780.0	177.0	2440.0	1542.0	1743.0
hsa-miR-1261	74.0	7.0	60.0	15.0	20.0	8.0	3.0	40.0	42.0	13.0
hsa-miR-1266-5p	0.0	0.0	0.0	0.0	1.0	1.0	1.0	0.0	0.0	0.0
hsa-miR-1268a	74.0	150.0	113.0	35.0	33.0	112.0	5.0	23.0	37.0	28.0
hsa-miR-1268b	72.0	144.0	114.0	36.0	32.0	110.0	5.0	24.0	40.0	29.0
hsa-miR-127-3p	25.0	15.0	8.0	19.0	8.0	3.0	23.0	8.0	2.0	6.0
hsa-miR-127-5p	0.0	0.0	0.0	0.0	0.0	0.0	0.0	1.0	0.0	0.0
hsa-miR-1270	19.0	7.0	8.0	6.0	2.0	22.0	0.0	7.0	2.0	7.0
hsa-miR-1271-3p	1.0	2.0	2.0	2.0	0.0	0.0	0.0	0.0	1.0	0.0
hsa-miR-1271-5p	94.0	13.0	12.0	14.0	50.0	4.0	6.0	76.0	3.0	66.0
hsa-miR-1272	0.0	17.0	0.0	2.0	0.0	0.0	0.0	0.0	0.0	1.0
hsa-miR-1273a	0.0	0.0	0.0	0.0	0.0	1.0	0.0	0.0	0.0	0.0
hsa-miR-1273c	1.0	0.0	0.0	0.0	0.0	1.0	0.0	0.0	0.0	0.0
hsa-miR-1273d	0.0	2.0	0.0	2.0	0.0	0.0	0.0	1.0	0.0	0.0
hsa-miR-1273e	10.0	1.0	0.0	4.0	1.0	3.0	2.0	4.0	6.0	1.0
hsa-miR-1273f	1.0	4.0	0.0	1.0	2.0	4.0	0.0	0.0	0.0	4.0
hsa-miR-1273g-3p	44.0	42.0	53.0	38.0	25.0	27.0	2.0	22.0	34.0	14.0
hsa-miR-1273g-5p	1.0	0.0	0.0	0.0	0.0	0.0	0.0	0.0	0.0	0.0
hsa-miR-1273h-3p	60.0	262.0	283.0	93.0	53.0	125.0	84.0	74.0	55.0	36.0
hsa-miR-1273h-5p	16.0	34.0	27.0	15.0	7.0	15.0	9.0	7.0	5.0	2.0
hsa-miR-1275	120.0	82.0	255.0	34.0	54.0	65.0	4.0	60.0	46.0	59.0
hsa-miR-1276	6.0	8.0	3.0	2.0	5.0	2.0	3.0	2.0	3.0	3.0
hsa-miR-1277-3p	0.0	0.0	0.0	0.0	0.0	1.0	0.0	1.0	0.0	0.0
hsa-miR-1277-5p	3.0	4.0	7.0	1.0	1.0	7.0	0.0	0.0	0.0	1.0
hsa-miR-1278	1.0	1.0	1.0	5.0	1.0	7.0	2.0	0.0	4.0	0.0
hsa-miR-128-1-5p	182.0	241.0	527.0	139.0	90.0	59.0	153.0	111.0	61.0	95.0
hsa-miR-128-3p	815.0	1856.0	2631.0	819.0	345.0	1041.0	295.0	387.0	529.0	287.0
hsa-miR-1281	2.0	6.0	1.0	1.0	0.0	1.0	0.0	0.0	0.0	0.0
hsa-miR-1284	2.0	0.0	0.0	0.0	0.0	0.0	0.0	0.0	0.0	0.0
hsa-miR-1285-3p	16.0	265.0	68.0	24.0	17.0	127.0	12.0	19.0	15.0	9.0
hsa-miR-1285-5p	7.0	15.0	12.0	7.0	5.0	0.0	1.0	0.0	4.0	2.0
hsa-miR-1286	0.0	0.0	0.0	0.0	0.0	0.0	0.0	0.0	1.0	0.0
hsa-miR-1287-5p	0.0	1.0	10.0	1.0	1.0	3.0	1.0	0.0	0.0	1.0
hsa-miR-1288-3p	0.0	0.0	1.0	0.0	0.0	0.0	1.0	0.0	0.0	0.0
hsa-miR-1289	0.0	1.0	0.0	1.0	0.0	0.0	0.0	0.0	0.0	0.0
hsa-miR-129-1-3p	2.0	0.0	1.0	0.0	0.0	2.0	0.0	0.0	0.0	1.0
hsa-miR-129-2-3p	0.0	2.0	1.0	0.0	0.0	4.0	0.0	2.0	0.0	2.0
hsa-miR-129-5p	1.0	0.0	1.0	2.0	1.0	3.0	1.0	1.0	0.0	2.0
hsa-miR-1290	76.0	23.0	71.0	22.0	62.0	63.0	3.0	61.0	12.0	58.0
hsa-miR-1291	6.0	14.0	8.0	8.0	3.0	15.0	1.0	1.0	0.0	1.0
hsa-miR-1292-3p	2.0	1.0	0.0	2.0	0.0	1.0	0.0	0.0	0.0	1.0
hsa-miR-1292-5p	2.0	11.0	8.0	1.0	1.0	7.0	0.0	0.0	0.0	1.0
hsa-miR-1293	2.0	3.0	0.0	2.0	0.0	1.0	0.0	2.0	0.0	0.0
hsa-miR-1294	24.0	6.0	9.0	12.0	5.0	7.0	3.0	2.0	7.0	13.0
hsa-miR-1296-3p	1.0	0.0	0.0	1.0	0.0	0.0	0.0	0.0	0.0	0.0
hsa-miR-1296-5p	10.0	116.0	20.0	5.0	6.0	20.0	9.0	6.0	12.0	8.0
hsa-miR-1299	4.0	4.0	45.0	2.0	1.0	2.0	112.0	8.0	2.0	9.0
hsa-miR-1301-3p	57.0	149.0	66.0	25.0	38.0	91.0	29.0	58.0	21.0	58.0
hsa-miR-1301-5p	0.0	2.0	0.0	0.0	0.0	1.0	0.0	0.0	0.0	0.0
hsa-miR-1302	0.0	0.0	0.0	0.0	0.0	0.0	0.0	0.0	0.0	1.0
hsa-miR-1303	25.0	9.0	71.0	11.0	12.0	5.0	7.0	4.0	4.0	11.0
hsa-miR-1304-3p	85.0	215.0	209.0	71.0	84.0	110.0	273.0	40.0	63.0	54.0
hsa-miR-1304-5p	10.0	20.0	25.0	1.0	4.0	10.0	6.0	3.0	6.0	5.0
hsa-miR-1305	0.0	0.0	0.0	0.0	0.0	1.0	0.0	0.0	0.0	0.0
hsa-miR-1306-3p	1.0	6.0	5.0	0.0	0.0	4.0	0.0	1.0	0.0	1.0
hsa-miR-1306-5p	2.0	20.0	0.0	0.0	0.0	10.0	1.0	0.0	1.0	0.0
hsa-miR-1307-3p	429.0	1657.0	1738.0	649.0	307.0	583.0	234.0	362.0	399.0	439.0
hsa-miR-1307-5p	175.0	919.0	519.0	662.0	289.0	627.0	57.0	123.0	467.0	241.0
hsa-miR-130a-3p	840.0	759.0	1100.0	263.0	105.0	488.0	166.0	593.0	159.0	359.0
hsa-miR-130b-3p	2945.0	4334.0	4733.0	1123.0	1448.0	2769.0	788.0	1359.0	2236.0	1050.0
hsa-miR-130b-5p	313.0	600.0	447.0	100.0	182.0	358.0	76.0	140.0	318.0	141.0
hsa-miR-132-3p	102.0	168.0	597.0	324.0	196.0	968.0	55.0	233.0	523.0	143.0
hsa-miR-132-5p	5.0	20.0	32.0	29.0	15.0	84.0	4.0	9.0	33.0	6.0
hsa-miR-1322	2.0	1.0	1.0	1.0	1.0	0.0	0.0	1.0	0.0	0.0
hsa-miR-1323	0.0	0.0	0.0	0.0	2.0	0.0	0.0	10.0	14.0	5.0
hsa-miR-133a-3p	2.0	0.0	0.0	3.0	1.0	6.0	0.0	0.0	0.0	2.0
hsa-miR-133b	0.0	0.0	0.0	1.0	0.0	1.0	0.0	0.0	0.0	0.0
hsa-miR-1343-3p	5.0	9.0	3.0	4.0	5.0	4.0	1.0	0.0	4.0	1.0
hsa-miR-135a-5p	0.0	3.0	0.0	0.0	0.0	2.0	0.0	0.0	0.0	0.0
hsa-miR-135b-3p	0.0	1.0	0.0	0.0	0.0	0.0	0.0	0.0	0.0	0.0
hsa-miR-135b-5p	1.0	2.0	0.0	0.0	0.0	2.0	0.0	0.0	0.0	0.0
hsa-miR-136-3p	0.0	1.0	0.0	0.0	0.0	0.0	0.0	0.0	0.0	0.0
hsa-miR-136-5p	0.0	0.0	0.0	0.0	0.0	1.0	0.0	0.0	0.0	0.0
hsa-miR-138-1-3p	19.0	3.0	112.0	75.0	47.0	6.0	7.0	8.0	115.0	23.0
hsa-miR-138-2-3p	0.0	0.0	0.0	0.0	1.0	0.0	0.0	0.0	0.0	0.0
hsa-miR-138-5p	96.0	412.0	748.0	896.0	279.0	960.0	28.0	23.0	973.0	96.0
hsa-miR-139-3p	1.0	0.0	0.0	1.0	0.0	0.0	0.0	0.0	0.0	0.0
hsa-miR-139-5p	1.0	0.0	1.0	1.0	0.0	1.0	0.0	0.0	0.0	1.0
hsa-miR-140-3p	1683.0	4069.0	4073.0	1103.0	1104.0	3317.0	681.0	1151.0	885.0	993.0
hsa-miR-140-5p	15.0	59.0	50.0	12.0	26.0	39.0	17.0	15.0	28.0	18.0
hsa-miR-141-3p	116.0	85.0	265.0	110.0	158.0	134.0	32.0	210.0	91.0	104.0
hsa-miR-141-5p	2.0	0.0	6.0	7.0	1.0	0.0	1.0	1.0	4.0	0.0
hsa-miR-142-3p	507.0	3259.0	1260.0	1307.0	830.0	4169.0	522.0	471.0	974.0	354.0
hsa-miR-142-5p	44080.0	40145.0	108112.0	39644.0	43648.0	34713.0	15356.0	57305.0	34260.0	26723.0
hsa-miR-143-3p	1065.0	56.0	568.0	1587.0	121.0	182.0	38.0	1315.0	31.0	160.0
hsa-miR-143-5p	0.0	0.0	0.0	0.0	0.0	2.0	0.0	0.0	0.0	0.0
hsa-miR-144-5p	0.0	1.0	0.0	0.0	1.0	2.0	0.0	0.0	0.0	0.0
hsa-miR-145-3p	3.0	0.0	0.0	2.0	0.0	0.0	0.0	1.0	0.0	0.0
hsa-miR-145-5p	5.0	4.0	1.0	1.0	0.0	10.0	1.0	2.0	0.0	1.0
hsa-miR-1468-5p	65.0	33.0	78.0	41.0	38.0	33.0	3.0	30.0	23.0	59.0
hsa-miR-146a-3p	41.0	295.0	86.0	80.0	33.0	161.0	35.0	41.0	69.0	17.0
hsa-miR-146a-5p	202397.0	28983.0	151047.0	113247.0	155315.0	37363.0	27086.0	150677.0	177577.0	195513.0
hsa-miR-146b-3p	628.0	469.0	1109.0	431.0	207.0	317.0	236.0	291.0	218.0	249.0
hsa-miR-146b-5p	49283.0	16393.0	72264.0	38119.0	27496.0	15572.0	15226.0	23704.0	19052.0	31438.0
hsa-miR-147b	2.0	0.0	0.0	3.0	0.0	0.0	2.0	0.0	0.0	0.0
hsa-miR-148a-3p	63299.0	71420.0	115005.0	50718.0	44849.0	85019.0	36410.0	21270.0	20606.0	47082.0
hsa-miR-148a-5p	2590.0	4138.0	5401.0	883.0	1549.0	3398.0	1155.0	1286.0	618.0	1647.0
hsa-miR-148b-3p	2126.0	3003.0	4108.0	1859.0	1633.0	3235.0	1706.0	1376.0	1260.0	1815.0
hsa-miR-148b-5p	87.0	282.0	214.0	106.0	114.0	339.0	65.0	120.0	119.0	104.0
hsa-miR-149-5p	1.0	19.0	1.0	0.0	1.0	2.0	0.0	1.0	0.0	1.0
hsa-miR-150-3p	9.0	11.0	121.0	2.0	5.0	28.0	1.0	7.0	5.0	4.0
hsa-miR-150-5p	325.0	356.0	1932.0	74.0	118.0	1830.0	74.0	152.0	104.0	86.0
hsa-miR-151a-3p	345.0	282.0	1744.0	3145.0	683.0	356.0	2782.0	818.0	2733.0	691.0
hsa-miR-151a-5p	240.0	492.0	1157.0	1688.0	669.0	543.0	1021.0	859.0	3692.0	751.0
hsa-miR-151b	161.0	248.0	753.0	1073.0	378.0	292.0	426.0	533.0	2273.0	507.0
hsa-miR-152-3p	98.0	99.0	95.0	114.0	56.0	118.0	32.0	64.0	99.0	60.0
hsa-miR-152-5p	10.0	24.0	13.0	15.0	2.0	16.0	14.0	4.0	9.0	3.0
hsa-miR-153-3p	0.0	0.0	1.0	0.0	0.0	0.0	0.0	2.0	2.0	0.0
hsa-miR-153-5p	0.0	1.0	0.0	0.0	0.0	0.0	0.0	0.0	0.0	0.0
hsa-miR-1537-3p	0.0	1.0	0.0	0.0	0.0	2.0	0.0	0.0	0.0	0.0
hsa-miR-1537-5p	0.0	0.0	0.0	0.0	0.0	0.0	0.0	0.0	0.0	1.0
hsa-miR-1538	1.0	7.0	7.0	2.0	2.0	6.0	1.0	1.0	1.0	2.0
hsa-miR-155-3p	117.0	188.0	126.0	106.0	52.0	122.0	48.0	73.0	52.0	38.0
hsa-miR-155-5p	201140.0	214244.0	358136.0	154438.0	80609.0	213777.0	81331.0	125823.0	121530.0	103635.0
hsa-miR-15a-3p	0.0	8.0	1.0	3.0	1.0	6.0	0.0	0.0	0.0	0.0
hsa-miR-15a-5p	775.0	1927.0	2665.0	697.0	413.0	1707.0	296.0	769.0	685.0	285.0
hsa-miR-15b-3p	250.0	503.0	514.0	138.0	165.0	327.0	155.0	176.0	106.0	169.0
hsa-miR-15b-5p	1546.0	4175.0	2827.0	759.0	1171.0	2998.0	1208.0	1034.0	920.0	1134.0
hsa-miR-16-1-3p	7.0	10.0	2.0	2.0	2.0	5.0	0.0	0.0	2.0	0.0
hsa-miR-16-2-3p	462.0	825.0	1219.0	254.0	275.0	622.0	208.0	336.0	377.0	223.0
hsa-miR-16-5p	18928.0	28714.0	50845.0	13824.0	16959.0	26503.0	14116.0	17685.0	17719.0	13325.0
hsa-miR-17-3p	449.0	1461.0	1132.0	427.0	341.0	1518.0	124.0	271.0	353.0	226.0
hsa-miR-17-5p	1757.0	5649.0	3480.0	1248.0	1613.0	4468.0	1279.0	1251.0	1169.0	1628.0
hsa-miR-181a-2-3p	1751.0	570.0	2816.0	416.0	323.0	391.0	757.0	1640.0	897.0	414.0
hsa-miR-181a-3p	672.0	4104.0	3681.0	371.0	301.0	1057.0	1183.0	1984.0	620.0	771.0
hsa-miR-181a-5p	131269.0	78729.0	453549.0	54028.0	34913.0	38855.0	87114.0	251875.0	48081.0	70198.0
hsa-miR-181b-2-3p	8.0	5.0	16.0	5.0	6.0	2.0	6.0	9.0	4.0	5.0
hsa-miR-181b-3p	8.0	53.0	80.0	34.0	7.0	9.0	22.0	50.0	18.0	12.0
hsa-miR-181b-5p	5843.0	8806.0	22032.0	3407.0	1815.0	3074.0	5663.0	9528.0	3434.0	2480.0
hsa-miR-181c-3p	127.0	389.0	294.0	79.0	109.0	266.0	48.0	175.0	465.0	161.0
hsa-miR-181c-5p	982.0	3262.0	3377.0	863.0	826.0	2226.0	848.0	2227.0	3039.0	1059.0
hsa-miR-181d-3p	1.0	2.0	0.0	0.0	0.0	0.0	0.0	1.0	0.0	2.0
hsa-miR-181d-5p	68.0	345.0	212.0	126.0	83.0	163.0	106.0	123.0	349.0	109.0
hsa-miR-182-3p	0.0	2.0	0.0	0.0	1.0	3.0	0.0	0.0	0.0	0.0
hsa-miR-182-5p	1160.0	4592.0	1570.0	749.0	1495.0	830.0	259.0	876.0	384.0	1157.0
hsa-miR-1827	0.0	2.0	0.0	3.0	0.0	0.0	1.0	0.0	1.0	0.0
hsa-miR-183-3p	0.0	7.0	1.0	1.0	0.0	2.0	0.0	0.0	1.0	0.0
hsa-miR-183-5p	151.0	393.0	141.0	90.0	309.0	82.0	31.0	194.0	141.0	291.0
hsa-miR-184	9.0	3.0	5.0	5.0	3.0	1.0	0.0	2.0	7.0	4.0
hsa-miR-185-3p	7.0	12.0	17.0	4.0	5.0	8.0	1.0	1.0	9.0	7.0
hsa-miR-185-5p	47.0	189.0	109.0	86.0	31.0	172.0	33.0	27.0	26.0	20.0
hsa-miR-186-3p	1.0	4.0	4.0	2.0	0.0	12.0	0.0	0.0	0.0	1.0
hsa-miR-186-5p	8905.0	8386.0	31075.0	11262.0	9476.0	12369.0	11131.0	10372.0	6954.0	7799.0
hsa-miR-187-3p	1.0	0.0	0.0	1.0	0.0	0.0	0.0	0.0	0.0	0.0
hsa-miR-188-3p	6.0	8.0	0.0	1.0	2.0	5.0	1.0	0.0	1.0	4.0
hsa-miR-188-5p	3.0	23.0	0.0	3.0	0.0	16.0	0.0	3.0	3.0	2.0
hsa-miR-18a-3p	55.0	274.0	227.0	71.0	43.0	152.0	38.0	44.0	45.0	24.0
hsa-miR-18a-5p	47.0	300.0	125.0	156.0	90.0	694.0	66.0	42.0	59.0	52.0
hsa-miR-18b-3p	3.0	50.0	10.0	1.0	1.0	4.0	9.0	3.0	0.0	1.0
hsa-miR-18b-5p	5.0	39.0	12.0	0.0	1.0	14.0	6.0	4.0	0.0	1.0
hsa-miR-1908-3p	5.0	5.0	10.0	4.0	4.0	1.0	1.0	2.0	5.0	3.0
hsa-miR-1908-5p	14.0	27.0	9.0	1.0	12.0	14.0	1.0	6.0	13.0	9.0
hsa-miR-1909-3p	0.0	1.0	1.0	0.0	0.0	0.0	0.0	0.0	0.0	0.0
hsa-miR-1909-5p	1.0	1.0	1.0	0.0	1.0	1.0	0.0	1.0	0.0	0.0
hsa-miR-190a-5p	0.0	3.0	0.0	2.0	0.0	2.0	4.0	1.0	1.0	1.0
hsa-miR-190b	1.0	2.0	6.0	4.0	4.0	7.0	1.0	1.0	4.0	4.0
hsa-miR-191-3p	44.0	114.0	117.0	56.0	24.0	43.0	4.0	26.0	71.0	25.0
hsa-miR-191-5p	143747.0	82205.0	197857.0	84239.0	95487.0	87804.0	68075.0	81354.0	96681.0	126531.0
hsa-miR-1910-3p	0.0	1.0	0.0	0.0	1.0	2.0	0.0	0.0	0.0	1.0
hsa-miR-1910-5p	3.0	17.0	4.0	3.0	7.0	12.0	0.0	1.0	27.0	7.0
hsa-miR-1913	0.0	0.0	0.0	0.0	0.0	2.0	0.0	0.0	0.0	0.0
hsa-miR-1914-5p	0.0	0.0	0.0	0.0	0.0	1.0	0.0	0.0	0.0	0.0
hsa-miR-192-3p	3.0	10.0	6.0	0.0	0.0	5.0	4.0	1.0	0.0	2.0
hsa-miR-192-5p	6687.0	8365.0	16211.0	1652.0	1459.0	9659.0	1177.0	10145.0	2159.0	4537.0
hsa-miR-193a-3p	0.0	12.0	0.0	0.0	0.0	20.0	1.0	0.0	0.0	1.0
hsa-miR-193a-5p	15.0	9.0	8.0	1.0	6.0	13.0	0.0	5.0	4.0	14.0
hsa-miR-193b-3p	3315.0	8023.0	4416.0	1429.0	1327.0	5775.0	802.0	1857.0	1742.0	2446.0
hsa-miR-193b-5p	173.0	176.0	314.0	84.0	48.0	149.0	50.0	96.0	63.0	59.0
hsa-miR-194-3p	2.0	12.0	14.0	0.0	0.0	3.0	1.0	5.0	3.0	2.0
hsa-miR-194-5p	127.0	457.0	350.0	55.0	18.0	264.0	50.0	248.0	53.0	92.0
hsa-miR-195-3p	5.0	3.0	12.0	1.0	4.0	6.0	1.0	1.0	7.0	1.0
hsa-miR-195-5p	26.0	69.0	56.0	33.0	9.0	80.0	50.0	19.0	46.0	10.0
hsa-miR-196a-5p	7.0	135.0	5.0	0.0	0.0	30.0	13.0	14.0	1.0	6.0
hsa-miR-196b-5p	0.0	14.0	0.0	0.0	0.0	2.0	0.0	2.0	0.0	3.0
hsa-miR-197-3p	577.0	1174.0	997.0	756.0	280.0	575.0	173.0	269.0	272.0	292.0
hsa-miR-197-5p	6.0	7.0	6.0	1.0	3.0	1.0	2.0	4.0	4.0	3.0
hsa-miR-1972	1.0	5.0	0.0	3.0	1.0	1.0	0.0	0.0	0.0	0.0
hsa-miR-1973	21.0	34.0	17.0	101.0	1.0	45.0	0.0	0.0	14.0	0.0
hsa-miR-1976	9.0	9.0	26.0	11.0	1.0	10.0	3.0	4.0	5.0	8.0
hsa-miR-199a-3p	11.0	5.0	32.0	4.0	6.0	23.0	1.0	16.0	13.0	9.0
hsa-miR-199a-5p	1.0	0.0	2.0	0.0	1.0	3.0	0.0	1.0	1.0	0.0
hsa-miR-199b-3p	11.0	5.0	32.0	4.0	6.0	23.0	1.0	16.0	13.0	9.0
hsa-miR-199b-5p	3.0	12.0	2.0	0.0	1.0	3.0	0.0	1.0	6.0	0.0
hsa-miR-19a-3p	91.0	241.0	382.0	252.0	168.0	515.0	120.0	88.0	159.0	68.0
hsa-miR-19a-5p	4.0	13.0	3.0	2.0	3.0	12.0	0.0	1.0	1.0	1.0
hsa-miR-19b-1-5p	2.0	10.0	6.0	1.0	0.0	4.0	0.0	0.0	1.0	0.0
hsa-miR-19b-3p	951.0	2321.0	2822.0	1157.0	919.0	3596.0	920.0	685.0	1095.0	582.0
hsa-miR-200a-3p	3.0	2.0	22.0	4.0	2.0	16.0	0.0	9.0	1.0	2.0
hsa-miR-200a-5p	0.0	0.0	1.0	0.0	0.0	0.0	0.0	1.0	1.0	1.0
hsa-miR-200b-3p	22.0	27.0	65.0	7.0	14.0	32.0	13.0	23.0	19.0	28.0
hsa-miR-200b-5p	1.0	0.0	0.0	0.0	0.0	0.0	0.0	0.0	0.0	0.0
hsa-miR-200c-3p	53.0	246.0	103.0	48.0	36.0	109.0	41.0	37.0	22.0	37.0
hsa-miR-200c-5p	0.0	1.0	0.0	1.0	0.0	0.0	1.0	0.0	0.0	0.0
hsa-miR-203a-3p	2.0	0.0	1.0	0.0	2.0	1.0	0.0	2.0	1.0	0.0
hsa-miR-204-5p	2.0	2.0	2.0	1.0	1.0	2.0	0.0	1.0	1.0	3.0
hsa-miR-205-5p	5.0	149.0	0.0	38.0	0.0	2.0	6.0	0.0	0.0	0.0
hsa-miR-208b-3p	0.0	3.0	1.0	0.0	0.0	0.0	0.0	0.0	0.0	0.0
hsa-miR-20a-3p	1.0	27.0	21.0	9.0	8.0	20.0	7.0	4.0	6.0	6.0
hsa-miR-20a-5p	1245.0	3336.0	3116.0	1571.0	2092.0	5785.0	1146.0	1213.0	1166.0	1636.0
hsa-miR-20b-3p	5.0	33.0	6.0	0.0	3.0	2.0	3.0	6.0	0.0	2.0
hsa-miR-20b-5p	283.0	1913.0	429.0	22.0	45.0	350.0	665.0	293.0	8.0	222.0
hsa-miR-21-3p	6447.0	3857.0	17360.0	15535.0	6855.0	5842.0	1260.0	6582.0	4486.0	4134.0
hsa-miR-21-5p	30227.0	54160.0	79258.0	32766.0	47526.0	77284.0	24252.0	33292.0	34786.0	30923.0
hsa-miR-210-3p	2195.0	4988.0	3782.0	3197.0	1430.0	7870.0	320.0	1510.0	1914.0	1409.0
hsa-miR-210-5p	423.0	503.0	669.0	361.0	237.0	255.0	55.0	163.0	325.0	172.0
hsa-miR-211-5p	1.0	0.0	0.0	0.0	0.0	2.0	0.0	1.0	0.0	0.0
hsa-miR-2110	9.0	36.0	24.0	7.0	4.0	21.0	12.0	9.0	9.0	10.0
hsa-miR-2116-3p	47.0	45.0	112.0	34.0	25.0	42.0	9.0	17.0	32.0	34.0
hsa-miR-2116-5p	5.0	21.0	3.0	9.0	8.0	17.0	0.0	2.0	7.0	9.0
hsa-miR-212-3p	6.0	15.0	36.0	47.0	38.0	91.0	8.0	18.0	56.0	12.0
hsa-miR-212-5p	4.0	8.0	19.0	13.0	8.0	28.0	1.0	11.0	24.0	4.0
hsa-miR-214-3p	0.0	0.0	0.0	0.0	0.0	1.0	0.0	2.0	0.0	0.0
hsa-miR-214-5p	0.0	0.0	0.0	0.0	0.0	0.0	0.0	1.0	0.0	1.0
hsa-miR-215-3p	0.0	0.0	0.0	0.0	0.0	0.0	0.0	0.0	1.0	0.0
hsa-miR-215-5p	41.0	69.0	76.0	21.0	15.0	64.0	7.0	58.0	16.0	35.0
hsa-miR-216a-3p	0.0	0.0	0.0	1.0	0.0	0.0	0.0	0.0	0.0	0.0
hsa-miR-218-5p	0.0	0.0	1.0	0.0	0.0	1.0	0.0	0.0	0.0	0.0
hsa-miR-219a-1-3p	6.0	13.0	23.0	5.0	11.0	3.0	3.0	7.0	9.0	3.0
hsa-miR-219a-5p	0.0	1.0	0.0	2.0	0.0	2.0	0.0	0.0	0.0	0.0
hsa-miR-219b-3p	1.0	2.0	0.0	0.0	0.0	2.0	0.0	0.0	0.0	0.0
hsa-miR-219b-5p	0.0	4.0	1.0	1.0	1.0	2.0	0.0	0.0	1.0	0.0
hsa-miR-22-3p	4921.0	3937.0	19757.0	3805.0	6303.0	6561.0	3060.0	7694.0	7053.0	4597.0
hsa-miR-22-5p	7.0	44.0	24.0	2.0	6.0	24.0	6.0	13.0	10.0	6.0
hsa-miR-221-3p	1553.0	4797.0	2196.0	581.0	318.0	3079.0	1338.0	1489.0	344.0	897.0
hsa-miR-221-5p	65.0	134.0	59.0	22.0	10.0	58.0	143.0	44.0	16.0	32.0
hsa-miR-222-3p	1056.0	3742.0	1773.0	431.0	203.0	2184.0	1514.0	761.0	295.0	618.0
hsa-miR-222-5p	19.0	67.0	18.0	8.0	2.0	8.0	24.0	7.0	3.0	7.0
hsa-miR-223-3p	35.0	244.0	219.0	11.0	16.0	216.0	142.0	55.0	25.0	37.0
hsa-miR-223-5p	2.0	18.0	60.0	2.0	1.0	8.0	26.0	13.0	1.0	0.0
hsa-miR-2276-3p	0.0	3.0	0.0	0.0	0.0	0.0	0.0	0.0	0.0	0.0
hsa-miR-2276-5p	1.0	0.0	0.0	0.0	0.0	0.0	0.0	0.0	0.0	0.0
hsa-miR-2277-3p	0.0	13.0	7.0	0.0	2.0	7.0	2.0	1.0	0.0	1.0
hsa-miR-2277-5p	8.0	42.0	6.0	7.0	9.0	18.0	2.0	7.0	6.0	2.0
hsa-miR-2278	0.0	2.0	0.0	0.0	0.0	0.0	0.0	0.0	1.0	0.0
hsa-miR-2355-3p	0.0	2.0	1.0	1.0	2.0	2.0	0.0	0.0	0.0	0.0
hsa-miR-2355-5p	5.0	10.0	18.0	4.0	4.0	22.0	3.0	1.0	7.0	1.0
hsa-miR-2392	0.0	0.0	1.0	2.0	0.0	1.0	0.0	0.0	0.0	0.0
hsa-miR-23a-3p	932.0	2637.0	1239.0	741.0	711.0	2077.0	313.0	802.0	926.0	1390.0
hsa-miR-23a-5p	107.0	178.0	126.0	52.0	55.0	68.0	22.0	60.0	36.0	90.0
hsa-miR-23b-3p	486.0	1033.0	697.0	409.0	255.0	809.0	106.0	347.0	291.0	380.0
hsa-miR-23b-5p	1.0	3.0	1.0	0.0	0.0	1.0	0.0	0.0	0.0	0.0
hsa-miR-23c	0.0	0.0	0.0	0.0	0.0	2.0	0.0	0.0	0.0	0.0
hsa-miR-24-1-5p	0.0	3.0	0.0	0.0	0.0	0.0	1.0	0.0	0.0	0.0
hsa-miR-24-2-5p	38.0	108.0	60.0	45.0	47.0	69.0	19.0	42.0	61.0	57.0
hsa-miR-24-3p	658.0	1153.0	934.0	478.0	564.0	967.0	127.0	660.0	463.0	1026.0
hsa-miR-2467-5p	3.0	16.0	4.0	11.0	9.0	19.0	1.0	1.0	4.0	1.0
hsa-miR-25-3p	11217.0	15182.0	25141.0	6074.0	7098.0	8966.0	4494.0	7952.0	6199.0	6258.0
hsa-miR-25-5p	99.0	182.0	293.0	46.0	60.0	54.0	45.0	54.0	47.0	33.0
hsa-miR-26a-1-3p	0.0	6.0	0.0	0.0	0.0	0.0	0.0	0.0	0.0	0.0
hsa-miR-26a-2-3p	10.0	37.0	15.0	14.0	5.0	14.0	9.0	11.0	8.0	5.0
hsa-miR-26a-5p	16838.0	19147.0	34790.0	9435.0	13584.0	18842.0	7091.0	15739.0	23982.0	13382.0
hsa-miR-26b-3p	54.0	361.0	119.0	41.0	30.0	140.0	25.0	28.0	43.0	28.0
hsa-miR-26b-5p	2237.0	4752.0	5339.0	2463.0	2668.0	5571.0	1549.0	2760.0	2552.0	2217.0
hsa-miR-27a-3p	2930.0	5403.0	4100.0	2204.0	2445.0	5368.0	424.0	2136.0	3538.0	2948.0
hsa-miR-27a-5p	122.0	313.0	329.0	149.0	76.0	129.0	47.0	92.0	77.0	91.0
hsa-miR-27b-3p	11725.0	7047.0	14998.0	7614.0	5895.0	5876.0	3522.0	6261.0	8017.0	6432.0
hsa-miR-27b-5p	49.0	67.0	110.0	44.0	12.0	16.0	25.0	22.0	12.0	20.0
hsa-miR-28-3p	414.0	437.0	2146.0	279.0	197.0	134.0	302.0	233.0	156.0	266.0
hsa-miR-28-5p	29.0	51.0	66.0	16.0	11.0	9.0	6.0	22.0	23.0	12.0
hsa-miR-2909	2.0	0.0	0.0	0.0	0.0	0.0	0.0	1.0	0.0	0.0
hsa-miR-296-3p	9.0	26.0	29.0	13.0	8.0	21.0	7.0	7.0	16.0	9.0
hsa-miR-296-5p	36.0	152.0	53.0	18.0	15.0	97.0	14.0	14.0	20.0	21.0
hsa-miR-299-3p	0.0	0.0	0.0	1.0	0.0	0.0	0.0	0.0	0.0	0.0
hsa-miR-29a-3p	5293.0	7888.0	11550.0	2469.0	3175.0	9492.0	1313.0	3182.0	3424.0	2495.0
hsa-miR-29a-5p	6.0	83.0	9.0	2.0	3.0	136.0	2.0	6.0	7.0	5.0
hsa-miR-29b-1-5p	42.0	50.0	104.0	19.0	40.0	73.0	10.0	26.0	23.0	26.0
hsa-miR-29b-2-5p	5.0	32.0	10.0	4.0	3.0	21.0	2.0	7.0	6.0	6.0
hsa-miR-29b-3p	66.0	226.0	203.0	131.0	53.0	606.0	21.0	55.0	72.0	33.0
hsa-miR-29c-3p	134.0	749.0	434.0	235.0	160.0	1557.0	56.0	128.0	179.0	100.0
hsa-miR-29c-5p	36.0	290.0	75.0	47.0	19.0	269.0	23.0	38.0	21.0	16.0
hsa-miR-301a-3p	78.0	205.0	217.0	367.0	188.0	367.0	130.0	125.0	225.0	158.0
hsa-miR-301a-5p	0.0	17.0	2.0	2.0	1.0	9.0	0.0	0.0	2.0	4.0
hsa-miR-301b-3p	70.0	154.0	101.0	98.0	125.0	168.0	39.0	66.0	164.0	119.0
hsa-miR-301b-5p	1.0	13.0	0.0	0.0	0.0	10.0	0.0	0.0	1.0	1.0
hsa-miR-3064-3p	0.0	2.0	0.0	0.0	1.0	1.0	1.0	0.0	0.0	0.0
hsa-miR-3064-5p	1.0	0.0	1.0	0.0	2.0	0.0	0.0	3.0	0.0	1.0
hsa-miR-3065-5p	0.0	0.0	0.0	1.0	0.0	0.0	0.0	0.0	0.0	0.0
hsa-miR-3074-3p	1.0	1.0	0.0	1.0	0.0	3.0	2.0	0.0	0.0	2.0
hsa-miR-3074-5p	5.0	16.0	13.0	2.0	5.0	3.0	3.0	4.0	0.0	4.0
hsa-miR-30a-3p	3.0	13.0	13.0	4.0	1.0	16.0	3.0	2.0	20.0	11.0
hsa-miR-30a-5p	36.0	443.0	348.0	34.0	35.0	311.0	40.0	124.0	433.0	154.0
hsa-miR-30b-3p	63.0	48.0	100.0	21.0	24.0	33.0	10.0	63.0	13.0	34.0
hsa-miR-30b-5p	1273.0	7797.0	2259.0	552.0	1151.0	4696.0	703.0	2230.0	754.0	1115.0
hsa-miR-30c-1-3p	112.0	166.0	178.0	109.0	68.0	85.0	93.0	54.0	69.0	56.0
hsa-miR-30c-2-3p	0.0	0.0	5.0	0.0	0.0	1.0	0.0	1.0	1.0	0.0
hsa-miR-30c-5p	4712.0	18581.0	7673.0	2520.0	3324.0	14041.0	3228.0	3148.0	4551.0	3082.0
hsa-miR-30d-3p	134.0	196.0	431.0	232.0	185.0	77.0	117.0	197.0	106.0	114.0
hsa-miR-30d-5p	25610.0	34302.0	50030.0	11003.0	18695.0	16450.0	13503.0	35374.0	12209.0	19918.0
hsa-miR-30e-3p	1427.0	760.0	2394.0	846.0	1090.0	528.0	847.0	828.0	1074.0	904.0
hsa-miR-30e-5p	4736.0	12341.0	9429.0	5606.0	8044.0	16452.0	4664.0	3402.0	8767.0	3835.0
hsa-miR-31-3p	0.0	1.0	0.0	0.0	0.0	0.0	0.0	0.0	0.0	0.0
hsa-miR-31-5p	0.0	0.0	1.0	0.0	0.0	0.0	0.0	0.0	0.0	1.0
hsa-miR-3115	0.0	1.0	0.0	0.0	1.0	0.0	0.0	0.0	0.0	0.0
hsa-miR-3116	1.0	4.0	1.0	0.0	0.0	0.0	1.0	0.0	1.0	0.0
hsa-miR-3120-3p	0.0	0.0	0.0	0.0	1.0	0.0	0.0	0.0	0.0	0.0
hsa-miR-3121-3p	0.0	1.0	0.0	0.0	1.0	0.0	0.0	0.0	0.0	0.0
hsa-miR-3122	0.0	0.0	0.0	0.0	0.0	0.0	0.0	1.0	0.0	0.0
hsa-miR-3123	2.0	7.0	9.0	27.0	2.0	1.0	1.0	2.0	2.0	2.0
hsa-miR-3124-5p	0.0	0.0	1.0	0.0	0.0	0.0	0.0	0.0	0.0	0.0
hsa-miR-3127-3p	1.0	1.0	2.0	2.0	1.0	0.0	2.0	0.0	1.0	1.0
hsa-miR-3127-5p	5.0	8.0	3.0	4.0	4.0	2.0	2.0	3.0	1.0	0.0
hsa-miR-3128	0.0	2.0	1.0	0.0	0.0	0.0	0.0	2.0	0.0	0.0
hsa-miR-3129-3p	0.0	0.0	0.0	0.0	0.0	0.0	0.0	0.0	1.0	0.0
hsa-miR-3130-5p	2.0	6.0	4.0	1.0	1.0	3.0	2.0	1.0	1.0	4.0
hsa-miR-3133	2.0	4.0	5.0	1.0	0.0	1.0	0.0	1.0	2.0	2.0
hsa-miR-3134	1.0	0.0	0.0	0.0	0.0	0.0	0.0	0.0	0.0	0.0
hsa-miR-3135a	0.0	0.0	1.0	0.0	0.0	0.0	0.0	0.0	0.0	0.0
hsa-miR-3135b	4.0	2.0	1.0	1.0	4.0	2.0	0.0	0.0	0.0	0.0
hsa-miR-3136-5p	0.0	2.0	2.0	3.0	0.0	6.0	2.0	1.0	0.0	3.0
hsa-miR-3137	0.0	0.0	2.0	0.0	0.0	0.0	0.0	0.0	0.0	0.0
hsa-miR-3138	0.0	0.0	2.0	0.0	0.0	0.0	0.0	1.0	0.0	0.0
hsa-miR-3139	0.0	1.0	4.0	0.0	0.0	1.0	0.0	0.0	0.0	0.0
hsa-miR-3140-3p	6.0	11.0	4.0	0.0	0.0	11.0	1.0	0.0	1.0	3.0
hsa-miR-3140-5p	0.0	0.0	0.0	0.0	0.0	0.0	0.0	1.0	0.0	0.0
hsa-miR-3141	5.0	1.0	0.0	0.0	1.0	1.0	0.0	1.0	1.0	1.0
hsa-miR-3142	0.0	0.0	1.0	0.0	1.0	0.0	0.0	0.0	1.0	0.0
hsa-miR-3143	0.0	7.0	0.0	2.0	0.0	1.0	0.0	0.0	1.0	0.0
hsa-miR-3144-3p	0.0	0.0	0.0	0.0	0.0	0.0	1.0	0.0	0.0	0.0
hsa-miR-3146	0.0	0.0	0.0	0.0	0.0	1.0	1.0	0.0	0.0	0.0
hsa-miR-3149	0.0	0.0	0.0	0.0	0.0	4.0	0.0	0.0	1.0	0.0
hsa-miR-3150a-3p	1.0	1.0	2.0	1.0	3.0	0.0	1.0	1.0	1.0	2.0
hsa-miR-3150a-5p	2.0	2.0	2.0	0.0	1.0	1.0	0.0	0.0	0.0	1.0
hsa-miR-3150b-3p	19.0	40.0	19.0	24.0	79.0	33.0	1.0	10.0	53.0	7.0
hsa-miR-3150b-5p	0.0	0.0	1.0	1.0	2.0	0.0	1.0	0.0	3.0	1.0
hsa-miR-3154	1.0	0.0	0.0	1.0	0.0	2.0	0.0	0.0	0.0	0.0
hsa-miR-3155a	0.0	1.0	4.0	0.0	0.0	1.0	0.0	0.0	0.0	0.0
hsa-miR-3157-3p	3.0	7.0	11.0	1.0	1.0	3.0	3.0	1.0	1.0	6.0
hsa-miR-3157-5p	1.0	4.0	4.0	0.0	0.0	2.0	0.0	5.0	0.0	1.0
hsa-miR-3158-3p	27.0	27.0	29.0	7.0	8.0	23.0	6.0	15.0	18.0	21.0
hsa-miR-3158-5p	0.0	0.0	0.0	0.0	0.0	0.0	1.0	0.0	0.0	0.0
hsa-miR-3159	1.0	3.0	3.0	1.0	2.0	4.0	0.0	4.0	1.0	2.0
hsa-miR-3160-3p	0.0	1.0	1.0	1.0	0.0	3.0	0.0	1.0	1.0	0.0
hsa-miR-3161	0.0	5.0	0.0	0.0	0.0	0.0	0.0	0.0	0.0	0.0
hsa-miR-3162-5p	0.0	0.0	1.0	0.0	0.0	0.0	0.0	0.0	0.0	0.0
hsa-miR-3163	0.0	0.0	1.0	0.0	0.0	0.0	0.0	0.0	0.0	0.0
hsa-miR-3164	0.0	1.0	0.0	0.0	0.0	0.0	0.0	0.0	0.0	0.0
hsa-miR-3166	1.0	2.0	5.0	0.0	0.0	0.0	0.0	1.0	1.0	0.0
hsa-miR-3168	79.0	72.0	97.0	57.0	36.0	37.0	6.0	55.0	71.0	26.0
hsa-miR-3170	1.0	0.0	0.0	0.0	0.0	0.0	0.0	0.0	0.0	0.0
hsa-miR-3173-3p	3.0	1.0	2.0	0.0	0.0	0.0	0.0	1.0	0.0	1.0
hsa-miR-3173-5p	2.0	9.0	5.0	0.0	0.0	1.0	1.0	3.0	2.0	3.0
hsa-miR-3174	1.0	2.0	3.0	2.0	3.0	1.0	0.0	2.0	0.0	0.0
hsa-miR-3175	0.0	1.0	0.0	0.0	0.0	1.0	0.0	1.0	0.0	0.0
hsa-miR-3176	12.0	25.0	51.0	27.0	25.0	1.0	5.0	12.0	7.0	4.0
hsa-miR-3177-3p	4.0	6.0	6.0	4.0	8.0	1.0	1.0	2.0	8.0	8.0
hsa-miR-3177-5p	2.0	2.0	0.0	0.0	0.0	0.0	0.0	2.0	0.0	1.0
hsa-miR-3178	5.0	9.0	6.0	36.0	1.0	3.0	0.0	1.0	0.0	0.0
hsa-miR-3179	0.0	3.0	3.0	1.0	0.0	1.0	0.0	0.0	0.0	0.0
hsa-miR-3180	1.0	2.0	17.0	2.0	0.0	2.0	2.0	2.0	0.0	0.0
hsa-miR-3180-3p	1.0	2.0	18.0	2.0	0.0	2.0	2.0	2.0	0.0	0.0
hsa-miR-3180-5p	0.0	0.0	0.0	0.0	0.0	2.0	0.0	0.0	0.0	0.0
hsa-miR-3181	1.0	4.0	4.0	0.0	1.0	1.0	0.0	2.0	0.0	1.0
hsa-miR-3182	2.0	0.0	4.0	1.0	0.0	6.0	0.0	1.0	1.0	0.0
hsa-miR-3184-5p	0.0	0.0	2.0	0.0	0.0	0.0	0.0	0.0	0.0	0.0
hsa-miR-3187-3p	6.0	21.0	4.0	7.0	3.0	8.0	2.0	4.0	2.0	3.0
hsa-miR-3187-5p	1.0	0.0	1.0	0.0	0.0	0.0	1.0	1.0	0.0	0.0
hsa-miR-3188	0.0	12.0	8.0	2.0	0.0	6.0	0.0	2.0	2.0	5.0
hsa-miR-3190-3p	0.0	0.0	0.0	0.0	0.0	1.0	1.0	0.0	0.0	0.0
hsa-miR-3190-5p	0.0	0.0	0.0	0.0	1.0	0.0	0.0	0.0	0.0	0.0
hsa-miR-3191-3p	0.0	1.0	2.0	0.0	1.0	0.0	0.0	0.0	2.0	0.0
hsa-miR-3191-5p	1.0	3.0	0.0	0.0	0.0	0.0	0.0	0.0	0.0	0.0
hsa-miR-3192-3p	0.0	1.0	1.0	0.0	0.0	2.0	0.0	1.0	1.0	0.0
hsa-miR-3192-5p	0.0	2.0	4.0	0.0	0.0	1.0	0.0	0.0	0.0	0.0
hsa-miR-3194-3p	0.0	0.0	0.0	0.0	0.0	1.0	0.0	0.0	0.0	0.0
hsa-miR-3194-5p	1.0	41.0	7.0	1.0	3.0	20.0	1.0	1.0	0.0	3.0
hsa-miR-3195	12.0	19.0	12.0	26.0	7.0	3.0	0.0	1.0	70.0	0.0
hsa-miR-3196	8.0	8.0	4.0	5.0	1.0	11.0	0.0	0.0	2.0	6.0
hsa-miR-3199	0.0	0.0	0.0	0.0	1.0	0.0	0.0	0.0	0.0	0.0
hsa-miR-32-3p	2.0	27.0	8.0	13.0	7.0	15.0	10.0	4.0	6.0	1.0
hsa-miR-32-5p	41.0	31.0	87.0	29.0	19.0	39.0	18.0	40.0	38.0	22.0
hsa-miR-3200-3p	3.0	44.0	2.0	1.0	4.0	24.0	1.0	7.0	2.0	7.0
hsa-miR-3200-5p	2.0	1.0	1.0	0.0	0.0	3.0	0.0	0.0	0.0	2.0
hsa-miR-3202	0.0	1.0	5.0	0.0	0.0	1.0	1.0	3.0	2.0	1.0
hsa-miR-320a	4549.0	4381.0	5556.0	2673.0	1428.0	5350.0	900.0	2197.0	1442.0	2016.0
hsa-miR-320b	511.0	565.0	1467.0	416.0	152.0	401.0	122.0	222.0	126.0	142.0
hsa-miR-320c	211.0	294.0	498.0	199.0	57.0	174.0	60.0	65.0	35.0	56.0
hsa-miR-320d	50.0	131.0	105.0	30.0	12.0	78.0	12.0	17.0	11.0	17.0
hsa-miR-320e	2.0	26.0	11.0	1.0	1.0	22.0	1.0	6.0	1.0	2.0
hsa-miR-323a-3p	0.0	0.0	2.0	0.0	0.0	0.0	0.0	0.0	0.0	0.0
hsa-miR-323b-3p	0.0	1.0	0.0	0.0	0.0	1.0	0.0	0.0	0.0	0.0
hsa-miR-324-3p	73.0	190.0	158.0	61.0	43.0	142.0	23.0	40.0	43.0	33.0
hsa-miR-324-5p	24.0	155.0	79.0	53.0	27.0	195.0	18.0	33.0	20.0	38.0
hsa-miR-326	0.0	50.0	4.0	1.0	0.0	5.0	2.0	4.0	7.0	9.0
hsa-miR-328-3p	56.0	48.0	114.0	85.0	45.0	61.0	21.0	50.0	31.0	33.0
hsa-miR-328-5p	0.0	1.0	0.0	0.0	1.0	1.0	1.0	0.0	0.0	0.0
hsa-miR-330-3p	98.0	186.0	150.0	67.0	52.0	97.0	33.0	54.0	61.0	62.0
hsa-miR-330-5p	100.0	200.0	170.0	118.0	100.0	168.0	47.0	78.0	128.0	84.0
hsa-miR-331-3p	106.0	2355.0	401.0	119.0	83.0	1572.0	78.0	106.0	83.0	121.0
hsa-miR-331-5p	28.0	31.0	76.0	41.0	18.0	31.0	17.0	28.0	21.0	25.0
hsa-miR-335-3p	54.0	237.0	6983.0	35.0	6.0	70.0	175.0	88.0	115.0	39.0
hsa-miR-335-5p	2.0	35.0	561.0	3.0	0.0	16.0	15.0	3.0	17.0	9.0
hsa-miR-337-5p	0.0	0.0	0.0	1.0	0.0	0.0	0.0	0.0	0.0	0.0
hsa-miR-338-3p	0.0	2.0	3.0	0.0	1.0	3.0	0.0	5.0	2.0	1.0
hsa-miR-338-5p	0.0	0.0	1.0	0.0	0.0	0.0	0.0	0.0	0.0	0.0
hsa-miR-339-3p	1360.0	797.0	1939.0	431.0	602.0	1733.0	229.0	1090.0	1327.0	746.0
hsa-miR-339-5p	569.0	1437.0	633.0	262.0	187.0	1529.0	104.0	309.0	388.0	294.0
hsa-miR-33a-3p	12.0	103.0	22.0	11.0	8.0	98.0	3.0	2.0	13.0	9.0
hsa-miR-33a-5p	4.0	24.0	0.0	17.0	8.0	34.0	2.0	0.0	5.0	4.0
hsa-miR-33b-3p	22.0	44.0	61.0	8.0	16.0	14.0	9.0	12.0	6.0	25.0
hsa-miR-33b-5p	14.0	46.0	18.0	18.0	6.0	84.0	0.0	4.0	21.0	9.0
hsa-miR-340-3p	0.0	0.0	0.0	0.0	0.0	3.0	0.0	4.0	1.0	2.0
hsa-miR-340-5p	3.0	2.0	12.0	6.0	11.0	19.0	0.0	15.0	6.0	5.0
hsa-miR-342-3p	2577.0	9095.0	3967.0	1290.0	2542.0	7822.0	1314.0	3460.0	1483.0	2319.0
hsa-miR-342-5p	31.0	123.0	76.0	39.0	22.0	93.0	15.0	31.0	39.0	31.0
hsa-miR-345-3p	0.0	1.0	0.0	0.0	0.0	0.0	0.0	0.0	0.0	0.0
hsa-miR-345-5p	270.0	794.0	693.0	152.0	198.0	340.0	116.0	286.0	290.0	197.0
hsa-miR-346	1.0	9.0	1.0	0.0	0.0	1.0	1.0	0.0	0.0	0.0
hsa-miR-34a-3p	18.0	46.0	41.0	30.0	6.0	69.0	7.0	18.0	22.0	18.0
hsa-miR-34a-5p	590.0	1589.0	1351.0	1414.0	506.0	3493.0	258.0	376.0	583.0	672.0
hsa-miR-34b-3p	1.0	1.0	1.0	2.0	0.0	5.0	0.0	0.0	5.0	0.0
hsa-miR-34b-5p	0.0	2.0	0.0	5.0	0.0	5.0	0.0	0.0	2.0	0.0
hsa-miR-34c-3p	0.0	0.0	1.0	0.0	0.0	1.0	0.0	0.0	2.0	0.0
hsa-miR-34c-5p	5.0	11.0	5.0	13.0	6.0	33.0	0.0	0.0	83.0	5.0
hsa-miR-3529-5p	0.0	0.0	0.0	0.0	2.0	0.0	0.0	0.0	0.0	0.0
hsa-miR-3605-3p	8.0	6.0	17.0	5.0	7.0	1.0	2.0	4.0	9.0	4.0
hsa-miR-3605-5p	8.0	3.0	6.0	3.0	9.0	3.0	1.0	0.0	3.0	7.0
hsa-miR-3607-3p	55.0	97.0	166.0	16.0	24.0	92.0	28.0	45.0	40.0	31.0
hsa-miR-3607-5p	1.0	9.0	0.0	1.0	0.0	7.0	1.0	0.0	1.0	0.0
hsa-miR-3609	42.0	0.0	62.0	12.0	16.0	3.0	6.0	28.0	4.0	16.0
hsa-miR-361-3p	918.0	1782.0	3201.0	671.0	579.0	1647.0	485.0	875.0	322.0	388.0
hsa-miR-361-5p	525.0	473.0	610.0	341.0	498.0	647.0	203.0	297.0	341.0	329.0
hsa-miR-3610	0.0	1.0	0.0	0.0	0.0	0.0	0.0	0.0	0.0	0.0
hsa-miR-3611	0.0	0.0	0.0	0.0	0.0	3.0	0.0	0.0	3.0	0.0
hsa-miR-3613-3p	5.0	24.0	6.0	2.0	2.0	7.0	4.0	4.0	3.0	3.0
hsa-miR-3613-5p	1.0	5.0	7.0	6.0	3.0	19.0	0.0	5.0	3.0	1.0
hsa-miR-3614-3p	1.0	0.0	2.0	0.0	0.0	0.0	0.0	0.0	0.0	0.0
hsa-miR-3614-5p	21.0	12.0	142.0	6.0	24.0	1.0	23.0	38.0	3.0	16.0
hsa-miR-3615	281.0	231.0	694.0	73.0	182.0	143.0	44.0	198.0	191.0	139.0
hsa-miR-3618	0.0	1.0	0.0	0.0	0.0	0.0	0.0	0.0	0.0	0.0
hsa-miR-3619-3p	0.0	1.0	2.0	0.0	0.0	0.0	0.0	0.0	0.0	0.0
hsa-miR-3619-5p	0.0	0.0	0.0	0.0	1.0	1.0	0.0	0.0	0.0	1.0
hsa-miR-362-3p	0.0	3.0	3.0	0.0	1.0	7.0	0.0	4.0	0.0	0.0
hsa-miR-362-5p	96.0	110.0	90.0	44.0	29.0	100.0	31.0	33.0	39.0	55.0
hsa-miR-3620-3p	0.0	7.0	3.0	2.0	2.0	2.0	2.0	0.0	2.0	0.0
hsa-miR-3620-5p	3.0	3.0	4.0	0.0	1.0	0.0	0.0	2.0	2.0	2.0
hsa-miR-363-3p	3851.0	6663.0	4637.0	204.0	242.0	1174.0	2323.0	2809.0	73.0	1472.0
hsa-miR-363-5p	2.0	7.0	8.0	0.0	0.0	2.0	0.0	2.0	0.0	0.0
hsa-miR-3648	0.0	0.0	0.0	1.0	0.0	0.0	0.0	0.0	0.0	0.0
hsa-miR-3651	18.0	38.0	20.0	17.0	7.0	28.0	1.0	2.0	4.0	6.0
hsa-miR-3652	0.0	0.0	0.0	0.0	1.0	0.0	0.0	1.0	0.0	0.0
hsa-miR-3653-3p	5.0	4.0	11.0	6.0	2.0	3.0	0.0	2.0	0.0	5.0
hsa-miR-3653-5p	3.0	5.0	3.0	3.0	0.0	4.0	1.0	0.0	0.0	0.0
hsa-miR-3654	0.0	0.0	2.0	0.0	0.0	0.0	0.0	0.0	0.0	0.0
hsa-miR-3656	31.0	4.0	4.0	1.0	1.0	3.0	0.0	1.0	0.0	8.0
hsa-miR-3657	0.0	1.0	0.0	0.0	0.0	0.0	0.0	0.0	0.0	0.0
hsa-miR-3659	0.0	3.0	0.0	1.0	0.0	2.0	0.0	2.0	0.0	1.0
hsa-miR-365a-3p	657.0	1458.0	932.0	439.0	332.0	858.0	312.0	441.0	454.0	620.0
hsa-miR-365a-5p	57.0	71.0	103.0	41.0	17.0	48.0	18.0	39.0	25.0	30.0
hsa-miR-365b-3p	657.0	1458.0	932.0	439.0	332.0	858.0	312.0	441.0	454.0	620.0
hsa-miR-3661	4.0	4.0	13.0	3.0	0.0	2.0	4.0	3.0	0.0	2.0
hsa-miR-3662	0.0	1.0	4.0	1.0	1.0	0.0	0.0	0.0	2.0	0.0
hsa-miR-3663-3p	0.0	0.0	0.0	0.0	0.0	2.0	0.0	0.0	0.0	0.0
hsa-miR-3663-5p	0.0	0.0	0.0	0.0	0.0	0.0	0.0	1.0	0.0	0.0
hsa-miR-3664-3p	1.0	0.0	3.0	0.0	0.0	0.0	0.0	4.0	0.0	0.0
hsa-miR-3665	0.0	0.0	0.0	1.0	0.0	0.0	0.0	0.0	0.0	1.0
hsa-miR-3667-3p	26.0	54.0	2.0	6.0	1.0	26.0	3.0	10.0	1.0	19.0
hsa-miR-3667-5p	3.0	14.0	0.0	1.0	1.0	21.0	1.0	0.0	1.0	0.0
hsa-miR-3675-5p	0.0	0.0	0.0	0.0	0.0	1.0	0.0	0.0	0.0	0.0
hsa-miR-3677-3p	1.0	2.0	6.0	1.0	0.0	6.0	0.0	0.0	0.0	0.0
hsa-miR-3677-5p	1.0	0.0	0.0	0.0	0.0	0.0	0.0	0.0	0.0	0.0
hsa-miR-3678-3p	1.0	0.0	0.0	0.0	0.0	0.0	0.0	0.0	0.0	0.0
hsa-miR-3678-5p	1.0	0.0	3.0	1.0	0.0	2.0	0.0	0.0	0.0	1.0
hsa-miR-3679-5p	9.0	1.0	15.0	1.0	2.0	1.0	1.0	4.0	4.0	1.0
hsa-miR-3680-3p	0.0	0.0	1.0	0.0	0.0	0.0	0.0	0.0	0.0	0.0
hsa-miR-3681-3p	2.0	0.0	0.0	0.0	2.0	1.0	0.0	0.0	2.0	0.0
hsa-miR-3681-5p	208.0	6.0	33.0	200.0	203.0	57.0	7.0	26.0	258.0	164.0
hsa-miR-3682-3p	0.0	0.0	0.0	0.0	0.0	0.0	1.0	0.0	0.0	0.0
hsa-miR-3682-5p	1.0	0.0	0.0	0.0	0.0	0.0	0.0	0.0	0.0	0.0
hsa-miR-3684	2.0	2.0	3.0	0.0	0.0	0.0	0.0	0.0	1.0	0.0
hsa-miR-3685	0.0	0.0	4.0	0.0	0.0	0.0	0.0	0.0	0.0	0.0
hsa-miR-3687	7.0	13.0	21.0	53.0	0.0	3.0	11.0	2.0	6.0	3.0
hsa-miR-3688-3p	4.0	3.0	9.0	2.0	2.0	8.0	3.0	1.0	2.0	3.0
hsa-miR-3689f	1.0	0.0	0.0	0.0	0.0	0.0	0.0	0.0	0.0	0.0
hsa-miR-369-3p	0.0	1.0	1.0	1.0	0.0	0.0	0.0	0.0	0.0	0.0
hsa-miR-3690	0.0	0.0	2.0	0.0	0.0	0.0	0.0	0.0	0.0	0.0
hsa-miR-3691-3p	0.0	0.0	0.0	0.0	0.0	1.0	0.0	0.0	0.0	0.0
hsa-miR-3691-5p	6.0	9.0	20.0	4.0	6.0	2.0	1.0	6.0	1.0	5.0
hsa-miR-371a-5p	1.0	0.0	0.0	0.0	0.0	1.0	0.0	0.0	0.0	1.0
hsa-miR-372-3p	0.0	0.0	0.0	0.0	0.0	1.0	0.0	0.0	0.0	0.0
hsa-miR-373-3p	0.0	0.0	0.0	0.0	0.0	2.0	0.0	0.0	1.0	0.0
hsa-miR-374a-3p	34.0	52.0	104.0	93.0	37.0	46.0	47.0	34.0	33.0	22.0
hsa-miR-374a-5p	39.0	55.0	131.0	57.0	53.0	81.0	53.0	52.0	54.0	32.0
hsa-miR-374b-3p	10.0	7.0	10.0	18.0	4.0	5.0	3.0	9.0	12.0	5.0
hsa-miR-374b-5p	82.0	88.0	138.0	49.0	34.0	77.0	41.0	33.0	77.0	25.0
hsa-miR-374c-3p	0.0	1.0	0.0	4.0	0.0	0.0	1.0	0.0	3.0	1.0
hsa-miR-374c-5p	1.0	0.0	1.0	0.0	1.0	1.0	1.0	1.0	2.0	0.0
hsa-miR-375	15.0	11.0	9.0	8.0	4.0	47.0	0.0	2.0	3.0	8.0
hsa-miR-376a-5p	0.0	0.0	0.0	0.0	0.0	2.0	0.0	0.0	0.0	0.0
hsa-miR-376c-3p	0.0	1.0	0.0	0.0	0.0	0.0	0.0	0.0	0.0	0.0
hsa-miR-377-5p	0.0	0.0	0.0	0.0	0.0	0.0	0.0	1.0	0.0	0.0
hsa-miR-378a-3p	13819.0	18717.0	22987.0	7205.0	10696.0	17844.0	6278.0	6460.0	9369.0	8591.0
hsa-miR-378a-5p	74.0	195.0	121.0	67.0	24.0	104.0	35.0	39.0	37.0	22.0
hsa-miR-378b	3.0	145.0	31.0	6.0	1.0	109.0	3.0	3.0	1.0	4.0
hsa-miR-378c	1.0	0.0	0.0	0.0	0.0	2.0	0.0	2.0	1.0	2.0
hsa-miR-378d	515.0	1331.0	1343.0	463.0	334.0	1206.0	108.0	370.0	338.0	272.0
hsa-miR-378e	78.0	568.0	150.0	67.0	26.0	393.0	7.0	37.0	41.0	23.0
hsa-miR-378f	7.0	54.0	6.0	5.0	8.0	50.0	13.0	3.0	11.0	6.0
hsa-miR-378g	19.0	23.0	37.0	13.0	12.0	19.0	3.0	9.0	10.0	5.0
hsa-miR-378h	0.0	12.0	6.0	2.0	1.0	9.0	1.0	1.0	0.0	0.0
hsa-miR-378i	3.0	11.0	15.0	6.0	7.0	8.0	4.0	11.0	2.0	12.0
hsa-miR-378j	16.0	0.0	1.0	1.0	7.0	0.0	0.0	0.0	1.0	1.0
hsa-miR-379-5p	0.0	0.0	0.0	0.0	0.0	0.0	0.0	0.0	1.0	0.0
hsa-miR-381-3p	2.0	2.0	3.0	0.0	1.0	0.0	1.0	2.0	0.0	0.0
hsa-miR-382-5p	0.0	1.0	0.0	0.0	0.0	0.0	0.0	0.0	0.0	0.0
hsa-miR-383-5p	0.0	0.0	0.0	6.0	0.0	0.0	0.0	0.0	2.0	0.0
hsa-miR-3908	0.0	0.0	1.0	0.0	0.0	0.0	0.0	0.0	0.0	0.0
hsa-miR-3909	12.0	21.0	11.0	9.0	13.0	25.0	4.0	3.0	26.0	7.0
hsa-miR-3911	1.0	0.0	0.0	0.0	0.0	0.0	0.0	0.0	0.0	0.0
hsa-miR-3912-3p	4.0	17.0	7.0	7.0	4.0	11.0	5.0	7.0	2.0	7.0
hsa-miR-3913-3p	1.0	2.0	0.0	0.0	0.0	0.0	0.0	0.0	0.0	0.0
hsa-miR-3913-5p	4.0	1.0	3.0	4.0	2.0	3.0	2.0	3.0	2.0	2.0
hsa-miR-3916	0.0	5.0	2.0	0.0	0.0	6.0	1.0	0.0	1.0	0.0
hsa-miR-3917	4.0	4.0	2.0	0.0	0.0	3.0	0.0	2.0	0.0	2.0
hsa-miR-3918	0.0	1.0	1.0	0.0	1.0	1.0	0.0	1.0	0.0	0.0
hsa-miR-3925-5p	0.0	1.0	0.0	0.0	0.0	0.0	0.0	0.0	1.0	0.0
hsa-miR-3928-3p	17.0	19.0	46.0	14.0	4.0	10.0	4.0	21.0	12.0	9.0
hsa-miR-3928-5p	0.0	0.0	0.0	0.0	0.0	0.0	0.0	0.0	1.0	0.0
hsa-miR-3929	0.0	0.0	3.0	0.0	0.0	0.0	0.0	2.0	0.0	0.0
hsa-miR-3934-3p	0.0	1.0	2.0	0.0	0.0	1.0	0.0	0.0	0.0	0.0
hsa-miR-3934-5p	3.0	12.0	8.0	1.0	2.0	3.0	2.0	3.0	4.0	2.0
hsa-miR-3938	0.0	0.0	0.0	0.0	0.0	0.0	0.0	1.0	0.0	0.0
hsa-miR-3939	1.0	3.0	12.0	2.0	2.0	3.0	5.0	5.0	5.0	3.0
hsa-miR-3940-3p	16.0	29.0	45.0	12.0	5.0	22.0	3.0	10.0	5.0	14.0
hsa-miR-3940-5p	0.0	0.0	0.0	1.0	0.0	0.0	0.0	3.0	0.0	0.0
hsa-miR-3942-3p	0.0	0.0	2.0	0.0	0.0	1.0	0.0	0.0	0.0	0.0
hsa-miR-3942-5p	0.0	4.0	1.0	1.0	2.0	3.0	0.0	3.0	1.0	2.0
hsa-miR-3944-3p	0.0	6.0	2.0	1.0	3.0	1.0	1.0	0.0	0.0	1.0
hsa-miR-3944-5p	1.0	2.0	2.0	0.0	0.0	1.0	0.0	1.0	0.0	0.0
hsa-miR-3945	0.0	0.0	1.0	0.0	0.0	0.0	1.0	0.0	0.0	0.0
hsa-miR-3960	35.0	6.0	18.0	9.0	10.0	12.0	0.0	13.0	2.0	24.0
hsa-miR-409-3p	4.0	2.0	2.0	0.0	0.0	0.0	1.0	0.0	0.0	0.0
hsa-miR-410-3p	1.0	3.0	3.0	2.0	0.0	0.0	4.0	7.0	0.0	0.0
hsa-miR-411-5p	0.0	2.0	4.0	1.0	0.0	0.0	2.0	2.0	0.0	1.0
hsa-miR-421	113.0	233.0	398.0	180.0	148.0	209.0	136.0	109.0	122.0	116.0
hsa-miR-422a	3.0	31.0	34.0	2.0	4.0	24.0	22.0	1.0	2.0	0.0
hsa-miR-423-3p	4317.0	5384.0	9852.0	3095.0	3001.0	3648.0	1537.0	2123.0	5338.0	2493.0
hsa-miR-423-5p	6837.0	7163.0	12787.0	4434.0	2806.0	5346.0	1933.0	2893.0	3680.0	2327.0
hsa-miR-424-3p	61.0	129.0	472.0	27.0	36.0	51.0	0.0	50.0	28.0	33.0
hsa-miR-424-5p	11.0	110.0	46.0	7.0	14.0	92.0	2.0	8.0	31.0	8.0
hsa-miR-425-3p	121.0	506.0	237.0	137.0	73.0	435.0	24.0	54.0	107.0	81.0
hsa-miR-425-5p	1606.0	3238.0	4036.0	1171.0	1221.0	2924.0	847.0	1307.0	2358.0	1388.0
hsa-miR-4253	0.0	0.0	0.0	0.0	0.0	1.0	0.0	0.0	0.0	0.0
hsa-miR-4284	10.0	83.0	13.0	92.0	6.0	26.0	0.0	2.0	4.0	2.0
hsa-miR-4286	231.0	615.0	635.0	246.0	116.0	309.0	18.0	248.0	131.0	116.0
hsa-miR-4289	1.0	1.0	0.0	0.0	0.0	0.0	0.0	0.0	0.0	0.0
hsa-miR-429	3.0	4.0	5.0	5.0	1.0	1.0	0.0	3.0	3.0	3.0
hsa-miR-4293	0.0	1.0	0.0	0.0	0.0	0.0	0.0	0.0	0.0	0.0
hsa-miR-4297	0.0	0.0	0.0	1.0	0.0	0.0	0.0	0.0	0.0	0.0
hsa-miR-4301	109.0	146.0	152.0	53.0	24.0	29.0	2.0	21.0	20.0	37.0
hsa-miR-4303	1.0	0.0	0.0	0.0	0.0	0.0	0.0	0.0	0.0	0.0
hsa-miR-4306	0.0	3.0	0.0	0.0	0.0	1.0	0.0	0.0	0.0	0.0
hsa-miR-431-3p	0.0	1.0	0.0	0.0	0.0	0.0	1.0	0.0	0.0	0.0
hsa-miR-431-5p	0.0	0.0	1.0	0.0	0.0	0.0	1.0	0.0	0.0	0.0
hsa-miR-4316	0.0	0.0	0.0	0.0	0.0	0.0	0.0	1.0	0.0	0.0
hsa-miR-4317	0.0	0.0	0.0	0.0	0.0	1.0	0.0	0.0	0.0	0.0
hsa-miR-4319	0.0	0.0	0.0	0.0	0.0	1.0	0.0	0.0	0.0	0.0
hsa-miR-432-5p	1.0	0.0	0.0	0.0	0.0	0.0	0.0	0.0	0.0	0.0
hsa-miR-4323	0.0	1.0	0.0	1.0	0.0	0.0	0.0	0.0	0.0	1.0
hsa-miR-4326	4.0	15.0	24.0	14.0	5.0	8.0	4.0	2.0	4.0	3.0
hsa-miR-4330	0.0	0.0	0.0	0.0	1.0	0.0	0.0	0.0	0.0	0.0
hsa-miR-4417	2.0	1.0	5.0	0.0	2.0	4.0	0.0	1.0	1.0	1.0
hsa-miR-4418	0.0	1.0	0.0	0.0	0.0	0.0	0.0	0.0	0.0	0.0
hsa-miR-4419a	0.0	0.0	1.0	0.0	0.0	0.0	0.0	0.0	0.0	0.0
hsa-miR-4419b	0.0	0.0	0.0	0.0	0.0	2.0	0.0	0.0	0.0	0.0
hsa-miR-4420	3.0	7.0	18.0	1.0	4.0	1.0	1.0	1.0	2.0	4.0
hsa-miR-4421	0.0	12.0	3.0	0.0	0.0	4.0	0.0	0.0	0.0	1.0
hsa-miR-4422	0.0	0.0	0.0	1.0	0.0	0.0	0.0	0.0	0.0	0.0
hsa-miR-4423-3p	2.0	1.0	1.0	1.0	2.0	0.0	0.0	0.0	0.0	0.0
hsa-miR-4423-5p	0.0	10.0	3.0	0.0	0.0	1.0	0.0	1.0	0.0	1.0
hsa-miR-4424	3.0	26.0	0.0	0.0	0.0	1.0	0.0	0.0	0.0	0.0
hsa-miR-4425	2.0	5.0	18.0	1.0	3.0	1.0	1.0	3.0	2.0	3.0
hsa-miR-4426	0.0	2.0	1.0	0.0	0.0	0.0	0.0	0.0	0.0	0.0
hsa-miR-4429	0.0	1.0	0.0	0.0	1.0	0.0	0.0	0.0	0.0	1.0
hsa-miR-4433a-3p	0.0	0.0	3.0	0.0	0.0	0.0	0.0	0.0	0.0	0.0
hsa-miR-4433a-5p	0.0	0.0	2.0	0.0	0.0	0.0	0.0	0.0	0.0	1.0
hsa-miR-4433b-5p	0.0	1.0	0.0	0.0	0.0	0.0	0.0	0.0	0.0	0.0
hsa-miR-4434	0.0	0.0	0.0	2.0	0.0	0.0	0.0	0.0	1.0	0.0
hsa-miR-4435	0.0	0.0	4.0	1.0	0.0	0.0	0.0	1.0	0.0	0.0
hsa-miR-4437	12.0	14.0	9.0	7.0	1.0	9.0	1.0	2.0	0.0	4.0
hsa-miR-4443	6.0	7.0	15.0	6.0	4.0	7.0	1.0	10.0	4.0	4.0
hsa-miR-4444	0.0	0.0	0.0	0.0	0.0	1.0	0.0	0.0	0.0	0.0
hsa-miR-4446-3p	54.0	52.0	108.0	66.0	20.0	75.0	22.0	31.0	15.0	18.0
hsa-miR-4446-5p	3.0	1.0	4.0	1.0	1.0	0.0	1.0	2.0	0.0	0.0
hsa-miR-4447	0.0	6.0	0.0	1.0	0.0	0.0	0.0	0.0	0.0	0.0
hsa-miR-4448	16.0	6.0	54.0	4.0	9.0	11.0	0.0	14.0	18.0	11.0
hsa-miR-4449	3.0	4.0	12.0	7.0	0.0	2.0	0.0	0.0	1.0	1.0
hsa-miR-4451	22.0	7.0	14.0	7.0	6.0	2.0	2.0	3.0	2.0	8.0
hsa-miR-4452	0.0	0.0	0.0	0.0	0.0	0.0	1.0	0.0	0.0	0.0
hsa-miR-4454	155.0	375.0	441.0	66.0	119.0	207.0	6.0	104.0	101.0	171.0
hsa-miR-4455	144.0	557.0	410.0	131.0	130.0	140.0	79.0	137.0	131.0	148.0
hsa-miR-4457	0.0	0.0	0.0	0.0	1.0	0.0	0.0	0.0	1.0	0.0
hsa-miR-4458	4.0	4.0	8.0	0.0	1.0	2.0	0.0	3.0	4.0	0.0
hsa-miR-4459	0.0	0.0	5.0	0.0	0.0	1.0	0.0	0.0	0.0	0.0
hsa-miR-4461	43.0	30.0	69.0	114.0	15.0	13.0	26.0	5.0	14.0	14.0
hsa-miR-4462	1.0	1.0	0.0	0.0	0.0	0.0	0.0	0.0	0.0	0.0
hsa-miR-4463	2.0	5.0	3.0	7.0	0.0	1.0	0.0	0.0	1.0	1.0
hsa-miR-4466	2.0	10.0	4.0	9.0	0.0	5.0	0.0	0.0	0.0	1.0
hsa-miR-4467	0.0	1.0	0.0	0.0	0.0	0.0	0.0	0.0	0.0	0.0
hsa-miR-4469	0.0	0.0	0.0	0.0	0.0	1.0	0.0	0.0	0.0	0.0
hsa-miR-4473	10.0	26.0	8.0	2.0	1.0	6.0	4.0	8.0	8.0	6.0
hsa-miR-4474-3p	1.0	3.0	4.0	0.0	1.0	3.0	0.0	4.0	2.0	1.0
hsa-miR-4475	0.0	1.0	0.0	0.0	1.0	0.0	0.0	1.0	0.0	0.0
hsa-miR-4476	0.0	1.0	0.0	0.0	1.0	1.0	0.0	0.0	0.0	0.0
hsa-miR-4477b	0.0	2.0	9.0	5.0	0.0	3.0	0.0	4.0	3.0	3.0
hsa-miR-4478	1.0	1.0	0.0	0.0	0.0	0.0	0.0	3.0	0.0	0.0
hsa-miR-4479	0.0	1.0	1.0	1.0	0.0	3.0	0.0	1.0	1.0	1.0
hsa-miR-4482-3p	2.0	5.0	0.0	5.0	3.0	0.0	3.0	1.0	2.0	0.0
hsa-miR-4482-5p	0.0	0.0	0.0	1.0	2.0	0.0	0.0	0.0	0.0	0.0
hsa-miR-4483	79.0	329.0	232.0	107.0	145.0	263.0	4.0	45.0	72.0	58.0
hsa-miR-4484	9.0	11.0	4.0	5.0	5.0	18.0	1.0	7.0	3.0	6.0
hsa-miR-4485-3p	973.0	662.0	1005.0	2071.0	64.0	437.0	48.0	48.0	108.0	130.0
hsa-miR-4485-5p	18.0	23.0	11.0	10.0	1.0	13.0	0.0	0.0	6.0	0.0
hsa-miR-4487	6.0	3.0	5.0	0.0	1.0	2.0	0.0	2.0	4.0	5.0
hsa-miR-4488	53.0	29.0	27.0	25.0	6.0	40.0	0.0	5.0	22.0	20.0
hsa-miR-4489	0.0	1.0	0.0	0.0	0.0	0.0	0.0	1.0	0.0	0.0
hsa-miR-4491	1.0	5.0	7.0	2.0	4.0	4.0	1.0	5.0	2.0	1.0
hsa-miR-4492	9.0	3.0	1.0	3.0	0.0	7.0	0.0	0.0	1.0	0.0
hsa-miR-4493	0.0	0.0	2.0	1.0	0.0	0.0	0.0	0.0	0.0	0.0
hsa-miR-4496	0.0	0.0	3.0	3.0	0.0	0.0	1.0	0.0	1.0	0.0
hsa-miR-4497	4.0	10.0	10.0	14.0	1.0	9.0	1.0	1.0	9.0	1.0
hsa-miR-4498	0.0	0.0	2.0	0.0	0.0	0.0	0.0	1.0	0.0	0.0
hsa-miR-449a	1.0	2.0	1.0	0.0	0.0	0.0	0.0	0.0	1.0	0.0
hsa-miR-449b-5p	0.0	0.0	2.0	0.0	0.0	0.0	0.0	0.0	0.0	0.0
hsa-miR-449c-5p	0.0	1.0	3.0	2.0	1.0	0.0	0.0	3.0	1.0	0.0
hsa-miR-4500	0.0	0.0	1.0	0.0	1.0	0.0	0.0	1.0	0.0	0.0
hsa-miR-4502	0.0	1.0	0.0	0.0	1.0	0.0	0.0	1.0	0.0	0.0
hsa-miR-4504	1.0	1.0	3.0	1.0	1.0	0.0	0.0	1.0	0.0	0.0
hsa-miR-4505	0.0	0.0	3.0	0.0	0.0	0.0	0.0	0.0	0.0	0.0
hsa-miR-4506	0.0	2.0	0.0	0.0	0.0	0.0	0.0	0.0	0.0	0.0
hsa-miR-4507	1.0	0.0	0.0	0.0	0.0	0.0	0.0	0.0	0.0	0.0
hsa-miR-4508	15.0	3.0	12.0	4.0	5.0	5.0	0.0	1.0	3.0	5.0
hsa-miR-450a-2-3p	0.0	1.0	1.0	0.0	0.0	1.0	0.0	0.0	0.0	0.0
hsa-miR-450a-5p	11.0	34.0	20.0	7.0	10.0	31.0	0.0	3.0	8.0	9.0
hsa-miR-450b-5p	13.0	26.0	9.0	3.0	16.0	17.0	2.0	6.0	15.0	9.0
hsa-miR-4510	0.0	0.0	0.0	1.0	0.0	1.0	0.0	0.0	0.0	1.0
hsa-miR-4511	6.0	2.0	12.0	0.0	5.0	3.0	3.0	2.0	4.0	0.0
hsa-miR-4512	0.0	1.0	4.0	0.0	2.0	1.0	0.0	2.0	2.0	0.0
hsa-miR-4513	1.0	3.0	3.0	0.0	1.0	0.0	0.0	3.0	1.0	1.0
hsa-miR-4514	1.0	0.0	0.0	0.0	0.0	0.0	0.0	0.0	1.0	0.0
hsa-miR-4515	1.0	1.0	12.0	4.0	2.0	0.0	3.0	5.0	0.0	0.0
hsa-miR-4516	20.0	51.0	21.0	10.0	4.0	50.0	1.0	3.0	12.0	5.0
hsa-miR-4517	6.0	7.0	6.0	4.0	7.0	10.0	9.0	5.0	7.0	4.0
hsa-miR-4518	2.0	31.0	9.0	5.0	3.0	28.0	1.0	3.0	2.0	2.0
hsa-miR-451a	2.0	0.0	1.0	0.0	0.0	3.0	1.0	0.0	1.0	0.0
hsa-miR-4520-2-3p	0.0	0.0	2.0	1.0	0.0	1.0	0.0	1.0	0.0	0.0
hsa-miR-4520-3p	0.0	0.0	6.0	3.0	0.0	1.0	1.0	1.0	1.0	0.0
hsa-miR-4521	20.0	153.0	64.0	8.0	11.0	68.0	21.0	6.0	11.0	10.0
hsa-miR-4522	0.0	0.0	2.0	0.0	1.0	0.0	0.0	0.0	0.0	0.0
hsa-miR-4523	0.0	1.0	0.0	0.0	0.0	1.0	0.0	0.0	0.0	0.0
hsa-miR-4524a-3p	6.0	11.0	11.0	0.0	2.0	7.0	4.0	6.0	6.0	2.0
hsa-miR-4524a-5p	3.0	12.0	10.0	0.0	3.0	12.0	3.0	4.0	0.0	2.0
hsa-miR-4525	0.0	2.0	0.0	0.0	0.0	1.0	0.0	0.0	0.0	1.0
hsa-miR-4526	0.0	0.0	0.0	0.0	0.0	1.0	0.0	0.0	0.0	0.0
hsa-miR-4531	1.0	2.0	23.0	4.0	10.0	3.0	0.0	8.0	4.0	6.0
hsa-miR-4532	1443.0	648.0	1215.0	1378.0	228.0	520.0	77.0	90.0	1598.0	452.0
hsa-miR-4534	1.0	0.0	0.0	0.0	0.0	0.0	0.0	0.0	0.0	0.0
hsa-miR-4535	0.0	1.0	0.0	0.0	0.0	0.0	0.0	0.0	0.0	0.0
hsa-miR-4536-3p	0.0	0.0	0.0	0.0	0.0	1.0	0.0	0.0	0.0	1.0
hsa-miR-4539	2.0	0.0	1.0	0.0	0.0	1.0	0.0	0.0	0.0	0.0
hsa-miR-454-3p	210.0	910.0	887.0	414.0	290.0	728.0	362.0	296.0	247.0	185.0
hsa-miR-454-5p	29.0	99.0	118.0	22.0	41.0	62.0	21.0	43.0	42.0	23.0
hsa-miR-455-3p	1.0	33.0	2.0	0.0	1.0	1.0	0.0	0.0	0.0	2.0
hsa-miR-455-5p	1.0	7.0	0.0	2.0	0.0	1.0	0.0	1.0	0.0	2.0
hsa-miR-4632-3p	2.0	6.0	3.0	0.0	0.0	2.0	0.0	0.0	0.0	1.0
hsa-miR-4634	0.0	0.0	0.0	0.0	0.0	0.0	0.0	0.0	1.0	0.0
hsa-miR-4635	1.0	0.0	0.0	0.0	0.0	1.0	0.0	0.0	0.0	0.0
hsa-miR-4636	0.0	3.0	1.0	0.0	0.0	0.0	0.0	0.0	1.0	0.0
hsa-miR-4637	0.0	0.0	0.0	1.0	0.0	0.0	0.0	0.0	0.0	0.0
hsa-miR-4638-3p	4.0	1.0	6.0	0.0	4.0	0.0	0.0	3.0	1.0	4.0
hsa-miR-4638-5p	0.0	0.0	1.0	0.0	0.0	1.0	0.0	0.0	0.0	0.0
hsa-miR-4639-5p	1.0	2.0	0.0	1.0	0.0	1.0	0.0	0.0	0.0	0.0
hsa-miR-4640-3p	2.0	0.0	0.0	1.0	0.0	0.0	0.0	0.0	0.0	0.0
hsa-miR-4640-5p	1.0	0.0	0.0	2.0	0.0	0.0	0.0	0.0	0.0	0.0
hsa-miR-4642	0.0	0.0	0.0	0.0	1.0	0.0	0.0	0.0	2.0	0.0
hsa-miR-4644	0.0	0.0	0.0	0.0	0.0	2.0	0.0	0.0	0.0	0.0
hsa-miR-4645-3p	7.0	8.0	17.0	7.0	3.0	12.0	3.0	3.0	1.0	9.0
hsa-miR-4646-3p	1.0	1.0	0.0	1.0	0.0	0.0	0.0	0.0	0.0	1.0
hsa-miR-4650-5p	0.0	1.0	2.0	3.0	0.0	1.0	0.0	1.0	0.0	0.0
hsa-miR-4651	0.0	0.0	1.0	0.0	0.0	0.0	0.0	0.0	0.0	0.0
hsa-miR-4655-5p	1.0	0.0	0.0	0.0	0.0	1.0	0.0	0.0	0.0	0.0
hsa-miR-4659a-3p	3.0	0.0	4.0	1.0	1.0	2.0	2.0	1.0	2.0	0.0
hsa-miR-4659a-5p	0.0	0.0	0.0	0.0	0.0	0.0	1.0	0.0	0.0	0.0
hsa-miR-4659b-3p	0.0	1.0	0.0	1.0	0.0	2.0	0.0	1.0	3.0	0.0
hsa-miR-4659b-5p	0.0	0.0	1.0	0.0	0.0	0.0	0.0	0.0	1.0	0.0
hsa-miR-466	0.0	2.0	3.0	0.0	0.0	1.0	0.0	0.0	2.0	1.0
hsa-miR-4661-3p	0.0	0.0	3.0	1.0	0.0	0.0	0.0	0.0	0.0	1.0
hsa-miR-4661-5p	2.0	3.0	18.0	0.0	7.0	5.0	5.0	0.0	2.0	3.0
hsa-miR-4662a-5p	3.0	0.0	0.0	0.0	2.0	0.0	0.0	0.0	0.0	0.0
hsa-miR-4664-3p	1.0	1.0	2.0	0.0	1.0	2.0	1.0	0.0	0.0	1.0
hsa-miR-4665-5p	2.0	0.0	0.0	0.0	0.0	0.0	0.0	0.0	0.0	1.0
hsa-miR-4666a-5p	0.0	0.0	0.0	0.0	1.0	0.0	0.0	0.0	1.0	0.0
hsa-miR-4667-3p	0.0	1.0	0.0	0.0	0.0	0.0	0.0	0.0	0.0	0.0
hsa-miR-4667-5p	0.0	1.0	0.0	0.0	0.0	2.0	0.0	0.0	0.0	0.0
hsa-miR-4668-3p	0.0	0.0	0.0	0.0	0.0	1.0	0.0	0.0	1.0	0.0
hsa-miR-4668-5p	2.0	2.0	2.0	0.0	0.0	5.0	0.0	1.0	0.0	0.0
hsa-miR-4671-3p	2.0	1.0	2.0	0.0	0.0	0.0	0.0	0.0	1.0	2.0
hsa-miR-4671-5p	0.0	2.0	4.0	1.0	0.0	0.0	0.0	3.0	0.0	1.0
hsa-miR-4673	0.0	0.0	0.0	1.0	0.0	0.0	0.0	0.0	0.0	0.0
hsa-miR-4674	0.0	2.0	0.0	0.0	0.0	0.0	0.0	0.0	0.0	0.0
hsa-miR-4676-3p	0.0	2.0	0.0	0.0	0.0	2.0	0.0	0.0	0.0	1.0
hsa-miR-4677-3p	19.0	89.0	86.0	30.0	18.0	68.0	39.0	25.0	19.0	27.0
hsa-miR-4677-5p	0.0	1.0	0.0	2.0	0.0	2.0	0.0	0.0	1.0	0.0
hsa-miR-4680-3p	0.0	0.0	0.0	0.0	0.0	0.0	1.0	0.0	0.0	1.0
hsa-miR-4680-5p	0.0	0.0	0.0	1.0	0.0	0.0	0.0	0.0	0.0	0.0
hsa-miR-4682	0.0	1.0	0.0	0.0	0.0	2.0	0.0	0.0	0.0	0.0
hsa-miR-4685-3p	4.0	6.0	10.0	3.0	0.0	8.0	1.0	2.0	0.0	4.0
hsa-miR-4685-5p	0.0	0.0	0.0	1.0	0.0	0.0	0.0	0.0	0.0	1.0
hsa-miR-4687-3p	2.0	2.0	1.0	3.0	2.0	0.0	2.0	1.0	2.0	0.0
hsa-miR-4687-5p	9.0	15.0	10.0	4.0	5.0	5.0	3.0	1.0	1.0	2.0
hsa-miR-4688	6.0	2.0	8.0	1.0	3.0	0.0	0.0	2.0	1.0	0.0
hsa-miR-4689	0.0	2.0	0.0	0.0	1.0	0.0	0.0	0.0	0.0	0.0
hsa-miR-4690-3p	0.0	0.0	0.0	2.0	1.0	0.0	2.0	1.0	2.0	0.0
hsa-miR-4694-3p	1.0	0.0	0.0	0.0	0.0	0.0	0.0	0.0	0.0	0.0
hsa-miR-4695-3p	2.0	3.0	6.0	0.0	0.0	0.0	0.0	1.0	0.0	0.0
hsa-miR-4697-3p	1.0	0.0	7.0	0.0	0.0	0.0	0.0	0.0	1.0	3.0
hsa-miR-4700-5p	0.0	0.0	0.0	0.0	1.0	0.0	0.0	0.0	0.0	0.0
hsa-miR-4706	2.0	0.0	1.0	0.0	0.0	0.0	0.0	0.0	0.0	0.0
hsa-miR-4707-3p	0.0	12.0	4.0	0.0	3.0	8.0	1.0	2.0	0.0	2.0
hsa-miR-4707-5p	0.0	2.0	0.0	0.0	0.0	0.0	0.0	0.0	0.0	0.0
hsa-miR-4708-3p	0.0	0.0	0.0	0.0	0.0	1.0	0.0	0.0	0.0	0.0
hsa-miR-4709-5p	0.0	0.0	0.0	0.0	0.0	0.0	1.0	0.0	0.0	0.0
hsa-miR-4712-3p	0.0	0.0	0.0	1.0	0.0	1.0	0.0	3.0	1.0	1.0
hsa-miR-4717-3p	0.0	0.0	0.0	2.0	0.0	0.0	2.0	0.0	0.0	0.0
hsa-miR-4721	0.0	0.0	0.0	0.0	0.0	0.0	0.0	0.0	0.0	1.0
hsa-miR-4723-5p	1.0	0.0	0.0	0.0	0.0	1.0	0.0	0.0	2.0	0.0
hsa-miR-4724-3p	0.0	0.0	0.0	1.0	0.0	0.0	0.0	0.0	0.0	0.0
hsa-miR-4726-3p	0.0	0.0	2.0	0.0	0.0	0.0	0.0	0.0	0.0	0.0
hsa-miR-4726-5p	0.0	0.0	5.0	2.0	2.0	2.0	0.0	1.0	0.0	0.0
hsa-miR-4727-5p	0.0	0.0	0.0	0.0	0.0	1.0	0.0	0.0	0.0	0.0
hsa-miR-4728-3p	0.0	1.0	1.0	0.0	0.0	1.0	0.0	0.0	0.0	1.0
hsa-miR-4730	0.0	0.0	0.0	0.0	0.0	1.0	0.0	0.0	1.0	0.0
hsa-miR-4733-3p	0.0	0.0	0.0	0.0	0.0	1.0	0.0	0.0	0.0	0.0
hsa-miR-4733-5p	0.0	1.0	1.0	0.0	0.0	0.0	0.0	0.0	0.0	0.0
hsa-miR-4734	0.0	0.0	0.0	0.0	0.0	0.0	0.0	1.0	0.0	0.0
hsa-miR-4736	0.0	0.0	0.0	0.0	1.0	0.0	0.0	0.0	0.0	0.0
hsa-miR-4737	0.0	1.0	0.0	0.0	0.0	2.0	0.0	0.0	0.0	0.0
hsa-miR-4738-3p	1.0	3.0	0.0	0.0	0.0	0.0	0.0	1.0	0.0	3.0
hsa-miR-4739	3.0	0.0	0.0	0.0	0.0	0.0	0.0	1.0	0.0	1.0
hsa-miR-4741	5.0	2.0	6.0	0.0	2.0	1.0	0.0	2.0	0.0	2.0
hsa-miR-4742-3p	3.0	4.0	5.0	1.0	1.0	6.0	1.0	1.0	2.0	0.0
hsa-miR-4742-5p	2.0	1.0	0.0	1.0	0.0	3.0	2.0	2.0	0.0	0.0
hsa-miR-4745-3p	0.0	0.0	2.0	1.0	0.0	0.0	1.0	1.0	0.0	1.0
hsa-miR-4745-5p	12.0	10.0	13.0	13.0	5.0	0.0	1.0	7.0	2.0	9.0
hsa-miR-4746-3p	0.0	0.0	0.0	0.0	1.0	0.0	0.0	0.0	0.0	0.0
hsa-miR-4746-5p	26.0	33.0	62.0	18.0	26.0	11.0	26.0	10.0	15.0	13.0
hsa-miR-4747-3p	0.0	0.0	0.0	0.0	1.0	0.0	1.0	1.0	1.0	0.0
hsa-miR-4748	0.0	0.0	0.0	0.0	0.0	0.0	0.0	0.0	1.0	0.0
hsa-miR-4749-3p	0.0	0.0	1.0	1.0	0.0	2.0	0.0	0.0	0.0	0.0
hsa-miR-4749-5p	0.0	1.0	0.0	0.0	0.0	0.0	0.0	0.0	0.0	0.0
hsa-miR-4750-5p	0.0	2.0	1.0	0.0	0.0	2.0	2.0	0.0	0.0	0.0
hsa-miR-4751	1.0	0.0	0.0	0.0	0.0	0.0	0.0	1.0	0.0	1.0
hsa-miR-4753-3p	0.0	0.0	0.0	0.0	0.0	1.0	0.0	0.0	0.0	0.0
hsa-miR-4753-5p	0.0	3.0	3.0	0.0	1.0	0.0	0.0	0.0	1.0	3.0
hsa-miR-4754	0.0	0.0	0.0	0.0	0.0	0.0	0.0	1.0	0.0	0.0
hsa-miR-4755-3p	0.0	1.0	2.0	0.0	0.0	0.0	1.0	0.0	0.0	1.0
hsa-miR-4755-5p	1.0	1.0	0.0	2.0	0.0	0.0	0.0	0.0	0.0	1.0
hsa-miR-4757-3p	0.0	0.0	0.0	0.0	0.0	0.0	0.0	0.0	1.0	0.0
hsa-miR-4757-5p	0.0	1.0	0.0	0.0	0.0	0.0	0.0	0.0	0.0	0.0
hsa-miR-4758-3p	0.0	0.0	1.0	0.0	0.0	0.0	0.0	0.0	0.0	0.0
hsa-miR-4760-5p	0.0	0.0	0.0	0.0	0.0	0.0	0.0	0.0	1.0	0.0
hsa-miR-4761-3p	0.0	4.0	0.0	0.0	1.0	0.0	0.0	0.0	1.0	0.0
hsa-miR-4762-3p	0.0	0.0	2.0	0.0	0.0	0.0	0.0	0.0	0.0	0.0
hsa-miR-4762-5p	3.0	6.0	10.0	1.0	0.0	4.0	5.0	4.0	0.0	3.0
hsa-miR-4764-5p	0.0	0.0	0.0	0.0	1.0	0.0	0.0	0.0	0.0	0.0
hsa-miR-4766-3p	0.0	0.0	0.0	1.0	0.0	1.0	3.0	0.0	0.0	0.0
hsa-miR-4767	19.0	15.0	31.0	8.0	12.0	5.0	4.0	6.0	5.0	3.0
hsa-miR-4769-3p	0.0	2.0	0.0	0.0	0.0	0.0	0.0	0.0	0.0	0.0
hsa-miR-4772-3p	1.0	0.0	0.0	0.0	0.0	0.0	0.0	0.0	1.0	0.0
hsa-miR-4772-5p	0.0	0.0	3.0	0.0	0.0	3.0	0.0	2.0	2.0	0.0
hsa-miR-4773	0.0	0.0	2.0	0.0	0.0	0.0	0.0	0.0	0.0	0.0
hsa-miR-4774-5p	0.0	0.0	0.0	0.0	1.0	0.0	0.0	0.0	0.0	0.0
hsa-miR-4775	0.0	4.0	13.0	1.0	1.0	1.0	3.0	3.0	4.0	3.0
hsa-miR-4781-3p	7.0	7.0	9.0	2.0	5.0	0.0	0.0	8.0	4.0	3.0
hsa-miR-4781-5p	1.0	0.0	0.0	0.0	0.0	0.0	0.0	0.0	0.0	0.0
hsa-miR-4784	0.0	27.0	0.0	0.0	0.0	0.0	0.0	0.0	0.0	0.0
hsa-miR-4785	0.0	0.0	0.0	0.0	1.0	0.0	0.0	0.0	1.0	0.0
hsa-miR-4786-3p	0.0	0.0	1.0	0.0	0.0	2.0	0.0	0.0	0.0	0.0
hsa-miR-4786-5p	1.0	6.0	1.0	2.0	1.0	2.0	0.0	0.0	1.0	4.0
hsa-miR-4787-3p	1.0	2.0	0.0	0.0	1.0	1.0	0.0	0.0	0.0	0.0
hsa-miR-4791	4.0	8.0	2.0	2.0	2.0	5.0	0.0	2.0	0.0	2.0
hsa-miR-4792	1152.0	4668.0	1615.0	12058.0	522.0	6102.0	219.0	309.0	591.0	620.0
hsa-miR-4795-3p	0.0	0.0	1.0	0.0	0.0	0.0	0.0	0.0	0.0	0.0
hsa-miR-4797-3p	2.0	2.0	0.0	2.0	1.0	1.0	1.0	0.0	2.0	0.0
hsa-miR-4797-5p	0.0	1.0	0.0	0.0	0.0	0.0	0.0	0.0	0.0	0.0
hsa-miR-4799-5p	0.0	4.0	0.0	0.0	0.0	0.0	0.0	0.0	0.0	0.0
hsa-miR-4800-3p	1.0	1.0	5.0	6.0	0.0	0.0	0.0	2.0	3.0	1.0
hsa-miR-4802-3p	0.0	3.0	4.0	1.0	0.0	2.0	0.0	0.0	0.0	0.0
hsa-miR-4802-5p	0.0	2.0	0.0	0.0	2.0	1.0	0.0	0.0	0.0	0.0
hsa-miR-4804-3p	1.0	1.0	0.0	0.0	0.0	0.0	0.0	0.0	0.0	0.0
hsa-miR-4804-5p	5.0	2.0	2.0	0.0	0.0	0.0	1.0	2.0	1.0	0.0
hsa-miR-484	625.0	1930.0	2648.0	546.0	408.0	648.0	699.0	768.0	401.0	300.0
hsa-miR-485-3p	0.0	0.0	1.0	0.0	0.0	0.0	0.0	0.0	0.0	0.0
hsa-miR-485-5p	0.0	0.0	2.0	0.0	0.0	0.0	0.0	0.0	0.0	0.0
hsa-miR-486-3p	19.0	52.0	18.0	14.0	7.0	12.0	1.0	5.0	7.0	10.0
hsa-miR-486-5p	26146.0	75966.0	23149.0	8986.0	6800.0	8463.0	6772.0	9799.0	2186.0	14281.0
hsa-miR-487b-3p	0.0	1.0	0.0	0.0	0.0	1.0	0.0	1.0	0.0	0.0
hsa-miR-490-3p	0.0	1.0	0.0	0.0	0.0	0.0	0.0	0.0	0.0	1.0
hsa-miR-491-3p	4.0	11.0	2.0	1.0	0.0	3.0	3.0	0.0	0.0	0.0
hsa-miR-491-5p	9.0	35.0	8.0	4.0	1.0	15.0	2.0	4.0	2.0	3.0
hsa-miR-493-3p	0.0	0.0	0.0	1.0	0.0	0.0	0.0	0.0	0.0	0.0
hsa-miR-494-3p	0.0	3.0	0.0	0.0	0.0	0.0	0.0	0.0	0.0	0.0
hsa-miR-495-3p	0.0	0.0	0.0	2.0	0.0	0.0	0.0	0.0	0.0	0.0
hsa-miR-497-5p	10.0	23.0	14.0	1.0	13.0	39.0	6.0	12.0	20.0	8.0
hsa-miR-4999-3p	0.0	1.0	0.0	0.0	0.0	0.0	0.0	0.0	0.0	0.0
hsa-miR-4999-5p	0.0	1.0	0.0	0.0	0.0	1.0	1.0	0.0	0.0	0.0
hsa-miR-499a-5p	0.0	0.0	2.0	0.0	1.0	1.0	0.0	1.0	1.0	0.0
hsa-miR-5000-3p	1.0	2.0	4.0	0.0	3.0	1.0	2.0	0.0	0.0	0.0
hsa-miR-5000-5p	0.0	0.0	0.0	0.0	0.0	1.0	0.0	0.0	0.0	0.0
hsa-miR-5001-3p	3.0	19.0	13.0	5.0	4.0	17.0	4.0	3.0	3.0	5.0
hsa-miR-5001-5p	3.0	6.0	5.0	0.0	0.0	0.0	0.0	2.0	1.0	0.0
hsa-miR-5004-3p	1.0	1.0	0.0	0.0	0.0	0.0	0.0	0.0	0.0	0.0
hsa-miR-5004-5p	0.0	0.0	1.0	0.0	0.0	0.0	0.0	0.0	0.0	0.0
hsa-miR-5006-3p	5.0	1.0	1.0	1.0	0.0	6.0	1.0	1.0	0.0	2.0
hsa-miR-5006-5p	1.0	0.0	0.0	0.0	0.0	0.0	0.0	0.0	0.0	0.0
hsa-miR-5009-5p	0.0	0.0	0.0	0.0	0.0	2.0	1.0	0.0	0.0	1.0
hsa-miR-500a-3p	748.0	567.0	706.0	226.0	538.0	331.0	404.0	403.0	304.0	515.0
hsa-miR-500a-5p	6.0	42.0	14.0	4.0	3.0	10.0	5.0	3.0	3.0	3.0
hsa-miR-500b-3p	3.0	0.0	7.0	0.0	0.0	2.0	0.0	0.0	0.0	0.0
hsa-miR-500b-5p	1.0	6.0	1.0	0.0	0.0	0.0	1.0	1.0	1.0	1.0
hsa-miR-501-3p	223.0	105.0	179.0	37.0	193.0	58.0	33.0	236.0	34.0	201.0
hsa-miR-501-5p	6.0	32.0	6.0	6.0	1.0	28.0	5.0	1.0	3.0	1.0
hsa-miR-5010-3p	25.0	20.0	26.0	39.0	9.0	21.0	8.0	19.0	7.0	10.0
hsa-miR-5010-5p	1.0	2.0	9.0	1.0	0.0	2.0	0.0	1.0	0.0	1.0
hsa-miR-502-3p	70.0	93.0	119.0	13.0	43.0	81.0	20.0	42.0	36.0	61.0
hsa-miR-502-5p	3.0	11.0	2.0	0.0	0.0	8.0	1.0	0.0	0.0	2.0
hsa-miR-503-3p	0.0	8.0	3.0	2.0	0.0	2.0	0.0	0.0	1.0	0.0
hsa-miR-503-5p	5.0	97.0	17.0	2.0	2.0	30.0	1.0	2.0	1.0	3.0
hsa-miR-505-3p	31.0	361.0	79.0	29.0	37.0	177.0	42.0	35.0	24.0	44.0
hsa-miR-505-5p	3.0	52.0	14.0	5.0	2.0	27.0	2.0	1.0	0.0	0.0
hsa-miR-506-3p	0.0	0.0	0.0	0.0	1.0	0.0	0.0	0.0	0.0	0.0
hsa-miR-508-5p	0.0	0.0	0.0	0.0	0.0	1.0	0.0	0.0	0.0	0.0
hsa-miR-5088-3p	0.0	0.0	2.0	0.0	0.0	0.0	0.0	0.0	0.0	0.0
hsa-miR-5088-5p	2.0	1.0	0.0	0.0	0.0	1.0	0.0	2.0	0.0	1.0
hsa-miR-509-3p	2.0	0.0	0.0	0.0	0.0	0.0	1.0	0.0	0.0	0.0
hsa-miR-5090	0.0	1.0	0.0	1.0	1.0	0.0	1.0	1.0	2.0	0.0
hsa-miR-5091	0.0	0.0	0.0	0.0	1.0	1.0	0.0	0.0	0.0	0.0
hsa-miR-5092	1.0	1.0	1.0	1.0	1.0	8.0	0.0	0.0	0.0	3.0
hsa-miR-5094	2.0	5.0	12.0	4.0	4.0	3.0	3.0	5.0	1.0	1.0
hsa-miR-5095	6.0	12.0	7.0	2.0	2.0	5.0	0.0	2.0	5.0	5.0
hsa-miR-5096	17.0	34.0	22.0	28.0	4.0	22.0	6.0	6.0	10.0	2.0
hsa-miR-5100	0.0	0.0	3.0	0.0	0.0	1.0	0.0	1.0	3.0	0.0
hsa-miR-511-5p	0.0	0.0	1.0	0.0	0.0	0.0	0.0	0.0	0.0	0.0
hsa-miR-513a-5p	2.0	0.0	3.0	7.0	0.0	0.0	0.0	0.0	1.0	0.0
hsa-miR-513b-5p	0.0	0.0	0.0	3.0	0.0	0.0	0.0	0.0	1.0	0.0
hsa-miR-513c-5p	0.0	0.0	4.0	6.0	0.0	1.0	0.0	0.0	0.0	0.0
hsa-miR-516a-3p	0.0	0.0	0.0	0.0	0.0	0.0	0.0	1.0	0.0	0.0
hsa-miR-516b-3p	0.0	0.0	0.0	0.0	0.0	0.0	0.0	1.0	0.0	0.0
hsa-miR-516b-5p	0.0	0.0	0.0	0.0	0.0	0.0	0.0	0.0	0.0	1.0
hsa-miR-5186	0.0	0.0	0.0	1.0	0.0	0.0	0.0	0.0	0.0	0.0
hsa-miR-5187-3p	0.0	1.0	1.0	0.0	0.0	1.0	0.0	1.0	0.0	0.0
hsa-miR-5187-5p	0.0	3.0	1.0	1.0	3.0	3.0	0.0	0.0	0.0	0.0
hsa-miR-5188	0.0	0.0	0.0	0.0	0.0	0.0	0.0	2.0	0.0	0.0
hsa-miR-5189-3p	0.0	1.0	0.0	1.0	0.0	1.0	0.0	0.0	0.0	0.0
hsa-miR-5189-5p	0.0	0.0	0.0	0.0	0.0	0.0	0.0	1.0	0.0	0.0
hsa-miR-5193	0.0	0.0	2.0	0.0	0.0	4.0	0.0	1.0	2.0	0.0
hsa-miR-5195-3p	0.0	0.0	0.0	0.0	0.0	0.0	0.0	1.0	0.0	0.0
hsa-miR-5196-3p	11.0	23.0	32.0	6.0	13.0	16.0	2.0	12.0	12.0	10.0
hsa-miR-5196-5p	0.0	0.0	0.0	0.0	0.0	1.0	0.0	0.0	0.0	0.0
hsa-miR-520a-3p	1.0	0.0	0.0	0.0	0.0	0.0	0.0	0.0	0.0	0.0
hsa-miR-520h	1.0	0.0	0.0	0.0	0.0	0.0	0.0	0.0	1.0	0.0
hsa-miR-532-3p	14.0	154.0	49.0	9.0	5.0	73.0	6.0	7.0	13.0	15.0
hsa-miR-532-5p	590.0	910.0	1438.0	514.0	392.0	770.0	193.0	362.0	317.0	398.0
hsa-miR-542-3p	4.0	6.0	16.0	2.0	6.0	9.0	1.0	5.0	8.0	3.0
hsa-miR-542-5p	0.0	13.0	0.0	0.0	1.0	8.0	0.0	0.0	2.0	1.0
hsa-miR-545-5p	0.0	4.0	6.0	3.0	0.0	0.0	0.0	1.0	2.0	0.0
hsa-miR-548a-3p	0.0	1.0	0.0	1.0	1.0	0.0	2.0	0.0	0.0	0.0
hsa-miR-548a-5p	0.0	0.0	1.0	0.0	1.0	0.0	1.0	0.0	0.0	0.0
hsa-miR-548aa	1.0	2.0	0.0	0.0	0.0	0.0	1.0	1.0	0.0	1.0
hsa-miR-548ab	1.0	5.0	2.0	0.0	2.0	2.0	3.0	2.0	0.0	3.0
hsa-miR-548ac	0.0	0.0	1.0	3.0	0.0	1.0	0.0	0.0	0.0	0.0
hsa-miR-548ad-5p	4.0	18.0	23.0	16.0	11.0	30.0	15.0	4.0	23.0	11.0
hsa-miR-548ae-3p	0.0	0.0	0.0	4.0	1.0	0.0	0.0	1.0	0.0	0.0
hsa-miR-548ae-5p	4.0	18.0	23.0	16.0	11.0	30.0	15.0	3.0	23.0	14.0
hsa-miR-548ag	0.0	1.0	0.0	0.0	0.0	3.0	0.0	1.0	0.0	1.0
hsa-miR-548ah-3p	2.0	3.0	3.0	4.0	2.0	2.0	0.0	1.0	2.0	3.0
hsa-miR-548ah-5p	0.0	1.0	0.0	0.0	0.0	0.0	0.0	0.0	0.0	0.0
hsa-miR-548ai	0.0	2.0	0.0	0.0	1.0	3.0	1.0	0.0	0.0	2.0
hsa-miR-548aj-3p	0.0	0.0	0.0	1.0	0.0	0.0	0.0	0.0	0.0	0.0
hsa-miR-548aj-5p	16.0	22.0	93.0	87.0	34.0	95.0	89.0	19.0	37.0	22.0
hsa-miR-548ak	4.0	24.0	7.0	3.0	9.0	8.0	11.0	7.0	4.0	4.0
hsa-miR-548al	1.0	1.0	3.0	0.0	3.0	4.0	0.0	2.0	4.0	3.0
hsa-miR-548am-3p	2.0	4.0	4.0	4.0	2.0	2.0	0.0	1.0	2.0	3.0
hsa-miR-548am-5p	13.0	24.0	14.0	17.0	10.0	21.0	7.0	7.0	16.0	5.0
hsa-miR-548an	0.0	2.0	0.0	2.0	0.0	2.0	2.0	0.0	0.0	0.0
hsa-miR-548ap-3p	0.0	0.0	1.0	0.0	0.0	0.0	1.0	1.0	0.0	1.0
hsa-miR-548ap-5p	1.0	2.0	6.0	0.0	1.0	1.0	0.0	0.0	1.0	0.0
hsa-miR-548aq-3p	5.0	4.0	1.0	5.0	2.0	1.0	3.0	1.0	1.0	3.0
hsa-miR-548ar-3p	0.0	1.0	0.0	0.0	0.0	1.0	2.0	0.0	0.0	0.0
hsa-miR-548ar-5p	17.0	19.0	73.0	71.0	29.0	88.0	76.0	17.0	29.0	19.0
hsa-miR-548as-5p	0.0	0.0	1.0	0.0	0.0	2.0	0.0	0.0	1.0	0.0
hsa-miR-548at-5p	0.0	1.0	2.0	0.0	2.0	2.0	0.0	0.0	0.0	1.0
hsa-miR-548au-5p	13.0	19.0	14.0	16.0	8.0	20.0	6.0	7.0	11.0	5.0
hsa-miR-548av-3p	0.0	2.0	0.0	1.0	0.0	0.0	0.0	1.0	0.0	0.0
hsa-miR-548av-5p	0.0	4.0	0.0	0.0	0.0	5.0	1.0	0.0	0.0	0.0
hsa-miR-548aw	0.0	0.0	0.0	0.0	0.0	1.0	0.0	0.0	0.0	0.0
hsa-miR-548ax	2.0	0.0	1.0	2.0	0.0	2.0	0.0	0.0	0.0	1.0
hsa-miR-548ay-3p	0.0	0.0	2.0	0.0	1.0	0.0	0.0	1.0	0.0	0.0
hsa-miR-548ay-5p	6.0	25.0	26.0	16.0	13.0	32.0	17.0	3.0	24.0	12.0
hsa-miR-548az-5p	2.0	5.0	3.0	4.0	1.0	2.0	3.0	0.0	2.0	0.0
hsa-miR-548b-3p	0.0	6.0	0.0	0.0	0.0	0.0	0.0	0.0	0.0	0.0
hsa-miR-548b-5p	0.0	3.0	1.0	1.0	0.0	3.0	2.0	1.0	0.0	1.0
hsa-miR-548ba	0.0	0.0	0.0	1.0	0.0	1.0	0.0	0.0	0.0	0.0
hsa-miR-548bb-5p	0.0	1.0	0.0	0.0	0.0	0.0	0.0	0.0	0.0	0.0
hsa-miR-548c-3p	0.0	0.0	0.0	1.0	0.0	1.0	0.0	0.0	0.0	1.0
hsa-miR-548c-5p	13.0	24.0	14.0	17.0	10.0	21.0	9.0	7.0	16.0	5.0
hsa-miR-548d-3p	2.0	5.0	3.0	0.0	3.0	3.0	1.0	1.0	1.0	0.0
hsa-miR-548d-5p	4.0	17.0	15.0	6.0	5.0	10.0	11.0	1.0	9.0	4.0
hsa-miR-548e-3p	24.0	110.0	59.0	44.0	21.0	59.0	38.0	25.0	25.0	22.0
hsa-miR-548e-5p	11.0	69.0	44.0	23.0	12.0	46.0	23.0	6.0	14.0	16.0
hsa-miR-548f-3p	8.0	25.0	27.0	40.0	27.0	71.0	40.0	12.0	29.0	10.0
hsa-miR-548f-5p	16.0	19.0	92.0	86.0	33.0	91.0	87.0	19.0	35.0	22.0
hsa-miR-548g-3p	0.0	0.0	0.0	0.0	0.0	0.0	1.0	0.0	0.0	0.0
hsa-miR-548g-5p	16.0	22.0	93.0	87.0	34.0	95.0	89.0	19.0	37.0	22.0
hsa-miR-548h-3p	10.0	15.0	16.0	7.0	2.0	11.0	5.0	9.0	4.0	8.0
hsa-miR-548h-5p	19.0	19.0	95.0	88.0	34.0	90.0	92.0	19.0	35.0	22.0
hsa-miR-548i	0.0	5.0	0.0	2.0	1.0	3.0	2.0	0.0	0.0	0.0
hsa-miR-548j-3p	1.0	1.0	0.0	0.0	0.0	3.0	0.0	0.0	1.0	0.0
hsa-miR-548j-5p	4.0	24.0	7.0	0.0	2.0	6.0	2.0	2.0	4.0	1.0
hsa-miR-548k	30.0	103.0	72.0	43.0	44.0	101.0	43.0	30.0	52.0	29.0
hsa-miR-548l	3.0	7.0	5.0	0.0	0.0	4.0	1.0	0.0	3.0	0.0
hsa-miR-548n	1.0	5.0	3.0	4.0	1.0	1.0	3.0	3.0	0.0	2.0
hsa-miR-548o-3p	23.0	59.0	59.0	19.0	15.0	20.0	27.0	15.0	21.0	17.0
hsa-miR-548o-5p	13.0	24.0	14.0	17.0	10.0	21.0	9.0	7.0	16.0	5.0
hsa-miR-548p	2.0	4.0	3.0	4.0	1.0	2.0	1.0	0.0	2.0	3.0
hsa-miR-548q	2.0	2.0	0.0	0.0	0.0	1.0	0.0	4.0	0.0	1.0
hsa-miR-548s	0.0	17.0	3.0	1.0	5.0	7.0	3.0	0.0	2.0	1.0
hsa-miR-548t-3p	1.0	2.0	0.0	0.0	0.0	0.0	1.0	1.0	0.0	1.0
hsa-miR-548u	0.0	0.0	0.0	1.0	1.0	2.0	0.0	0.0	4.0	0.0
hsa-miR-548w	4.0	44.0	12.0	3.0	9.0	12.0	10.0	9.0	5.0	8.0
hsa-miR-548x-5p	16.0	22.0	93.0	87.0	34.0	95.0	89.0	19.0	37.0	22.0
hsa-miR-548z	10.0	15.0	16.0	7.0	2.0	11.0	5.0	9.0	4.0	8.0
hsa-miR-550a-3-5p	1.0	4.0	4.0	2.0	0.0	3.0	1.0	1.0	0.0	0.0
hsa-miR-550a-3p	6.0	148.0	38.0	13.0	11.0	18.0	24.0	19.0	7.0	5.0
hsa-miR-550a-5p	1.0	15.0	5.0	3.0	3.0	7.0	6.0	4.0	3.0	1.0
hsa-miR-550b-2-5p	0.0	0.0	0.0	1.0	0.0	0.0	0.0	0.0	0.0	0.0
hsa-miR-550b-3p	0.0	2.0	0.0	1.0	0.0	0.0	0.0	0.0	0.0	0.0
hsa-miR-551a	1.0	4.0	0.0	0.0	0.0	1.0	0.0	0.0	0.0	0.0
hsa-miR-551b-3p	4.0	126.0	11.0	8.0	4.0	96.0	3.0	6.0	7.0	3.0
hsa-miR-551b-5p	2.0	12.0	11.0	1.0	1.0	6.0	1.0	1.0	0.0	1.0
hsa-miR-554	0.0	1.0	0.0	0.0	0.0	0.0	0.0	0.0	0.0	0.0
hsa-miR-5571-3p	0.0	0.0	1.0	0.0	0.0	0.0	0.0	0.0	0.0	0.0
hsa-miR-558	0.0	0.0	0.0	0.0	0.0	0.0	0.0	1.0	0.0	0.0
hsa-miR-5581-3p	0.0	2.0	5.0	0.0	0.0	3.0	1.0	1.0	0.0	0.0
hsa-miR-5582-3p	2.0	2.0	1.0	1.0	2.0	2.0	0.0	0.0	0.0	0.0
hsa-miR-5584-5p	0.0	0.0	1.0	0.0	0.0	0.0	0.0	0.0	0.0	0.0
hsa-miR-5585-3p	9.0	32.0	18.0	33.0	0.0	16.0	4.0	2.0	5.0	2.0
hsa-miR-5587-5p	0.0	1.0	0.0	0.0	0.0	0.0	0.0	0.0	0.0	0.0
hsa-miR-5588-3p	0.0	0.0	1.0	0.0	0.0	0.0	0.0	0.0	0.0	0.0
hsa-miR-5588-5p	0.0	0.0	0.0	1.0	0.0	0.0	0.0	0.0	0.0	0.0
hsa-miR-562	0.0	1.0	0.0	0.0	0.0	0.0	0.0	0.0	0.0	0.0
hsa-miR-564	0.0	0.0	2.0	0.0	0.0	0.0	0.0	0.0	0.0	0.0
hsa-miR-566	1.0	1.0	1.0	0.0	0.0	1.0	0.0	2.0	1.0	0.0
hsa-miR-5680	15.0	37.0	18.0	7.0	3.0	6.0	10.0	17.0	14.0	12.0
hsa-miR-5683	0.0	0.0	0.0	0.0	0.0	0.0	0.0	0.0	0.0	1.0
hsa-miR-5684	0.0	3.0	0.0	0.0	1.0	1.0	1.0	1.0	2.0	0.0
hsa-miR-5688	0.0	0.0	0.0	0.0	0.0	1.0	0.0	0.0	0.0	0.0
hsa-miR-5689	1.0	0.0	1.0	0.0	0.0	1.0	0.0	5.0	3.0	0.0
hsa-miR-5690	10.0	23.0	22.0	5.0	17.0	8.0	10.0	15.0	4.0	12.0
hsa-miR-5695	0.0	0.0	2.0	0.0	0.0	1.0	0.0	1.0	0.0	0.0
hsa-miR-5696	0.0	1.0	1.0	2.0	0.0	3.0	1.0	3.0	0.0	1.0
hsa-miR-5697	0.0	1.0	1.0	1.0	0.0	0.0	0.0	0.0	0.0	0.0
hsa-miR-5698	0.0	0.0	0.0	0.0	0.0	0.0	0.0	1.0	0.0	0.0
hsa-miR-570-3p	0.0	1.0	2.0	0.0	0.0	0.0	0.0	2.0	2.0	2.0
hsa-miR-570-5p	0.0	2.0	0.0	0.0	1.0	3.0	1.0	0.0	0.0	2.0
hsa-miR-5700	0.0	0.0	4.0	1.0	0.0	0.0	0.0	2.0	0.0	1.0
hsa-miR-5701	112.0	201.0	255.0	36.0	92.0	180.0	2.0	96.0	120.0	110.0
hsa-miR-5706	0.0	4.0	6.0	1.0	5.0	3.0	4.0	0.0	0.0	1.0
hsa-miR-5708	0.0	1.0	1.0	2.0	0.0	2.0	1.0	0.0	0.0	0.0
hsa-miR-572	0.0	2.0	0.0	0.0	0.0	0.0	0.0	0.0	0.0	0.0
hsa-miR-573	0.0	5.0	9.0	3.0	2.0	0.0	0.0	0.0	0.0	0.0
hsa-miR-574-3p	80.0	204.0	132.0	147.0	34.0	165.0	15.0	18.0	33.0	63.0
hsa-miR-574-5p	69.0	136.0	84.0	78.0	25.0	179.0	9.0	27.0	18.0	38.0
hsa-miR-575	0.0	0.0	0.0	0.0	0.0	0.0	0.0	0.0	0.0	1.0
hsa-miR-576-3p	6.0	23.0	10.0	5.0	6.0	8.0	1.0	3.0	8.0	3.0
hsa-miR-576-5p	88.0	191.0	215.0	37.0	47.0	87.0	64.0	74.0	46.0	45.0
hsa-miR-577	2.0	143.0	60.0	5.0	29.0	47.0	103.0	43.0	24.0	3.0
hsa-miR-579-3p	0.0	0.0	2.0	0.0	1.0	0.0	0.0	0.0	0.0	0.0
hsa-miR-579-5p	2.0	4.0	2.0	3.0	0.0	3.0	0.0	0.0	1.0	0.0
hsa-miR-580-3p	0.0	4.0	1.0	2.0	1.0	1.0	0.0	0.0	2.0	2.0
hsa-miR-580-5p	0.0	0.0	1.0	0.0	0.0	1.0	0.0	0.0	0.0	0.0
hsa-miR-581	1.0	1.0	0.0	0.0	0.0	0.0	1.0	0.0	0.0	0.0
hsa-miR-582-3p	2.0	3.0	25.0	60.0	56.0	33.0	7.0	6.0	17.0	29.0
hsa-miR-582-5p	3.0	10.0	35.0	39.0	13.0	104.0	3.0	5.0	12.0	16.0
hsa-miR-589-3p	18.0	133.0	21.0	16.0	16.0	133.0	8.0	7.0	12.0	10.0
hsa-miR-589-5p	349.0	351.0	711.0	245.0	481.0	257.0	184.0	222.0	302.0	317.0
hsa-miR-590-3p	5.0	41.0	34.0	19.0	19.0	49.0	7.0	11.0	27.0	9.0
hsa-miR-590-5p	0.0	1.0	0.0	1.0	0.0	5.0	0.0	0.0	0.0	0.0
hsa-miR-597-3p	0.0	0.0	1.0	1.0	1.0	1.0	0.0	0.0	1.0	0.0
hsa-miR-597-5p	0.0	0.0	0.0	1.0	0.0	0.0	0.0	0.0	0.0	2.0
hsa-miR-598-3p	46.0	132.0	88.0	86.0	20.0	106.0	40.0	56.0	18.0	33.0
hsa-miR-598-5p	0.0	2.0	0.0	0.0	0.0	0.0	0.0	1.0	2.0	0.0
hsa-miR-600	1.0	0.0	1.0	0.0	0.0	0.0	0.0	0.0	0.0	0.0
hsa-miR-602	0.0	1.0	0.0	0.0	0.0	0.0	0.0	0.0	0.0	0.0
hsa-miR-603	0.0	0.0	0.0	0.0	0.0	1.0	0.0	0.0	0.0	0.0
hsa-miR-607	0.0	0.0	2.0	0.0	0.0	0.0	0.0	0.0	1.0	0.0
hsa-miR-6073	2.0	2.0	0.0	1.0	1.0	0.0	0.0	0.0	0.0	0.0
hsa-miR-6087	35.0	47.0	41.0	159.0	7.0	25.0	1.0	0.0	9.0	3.0
hsa-miR-610	1.0	1.0	0.0	0.0	0.0	0.0	0.0	0.0	0.0	0.0
hsa-miR-612	0.0	0.0	1.0	0.0	0.0	0.0	0.0	0.0	0.0	0.0
hsa-miR-6124	1.0	0.0	0.0	0.0	0.0	0.0	0.0	0.0	0.0	1.0
hsa-miR-6125	0.0	0.0	0.0	0.0	0.0	0.0	0.0	1.0	0.0	0.0
hsa-miR-6126	18.0	37.0	38.0	42.0	6.0	21.0	1.0	4.0	2.0	6.0
hsa-miR-6127	0.0	0.0	1.0	0.0	0.0	0.0	0.0	0.0	0.0	0.0
hsa-miR-6128	4.0	0.0	0.0	0.0	6.0	0.0	0.0	2.0	0.0	0.0
hsa-miR-6129	0.0	0.0	0.0	1.0	0.0	0.0	0.0	0.0	0.0	0.0
hsa-miR-6130	0.0	1.0	3.0	0.0	0.0	2.0	0.0	0.0	2.0	0.0
hsa-miR-6131	1.0	3.0	0.0	1.0	1.0	6.0	0.0	0.0	0.0	0.0
hsa-miR-6134	8.0	0.0	0.0	0.0	3.0	0.0	0.0	0.0	0.0	0.0
hsa-miR-615-3p	37.0	18.0	6.0	0.0	1.0	7.0	1.0	4.0	4.0	21.0
hsa-miR-615-5p	3.0	0.0	1.0	0.0	0.0	0.0	0.0	3.0	2.0	1.0
hsa-miR-616-3p	2.0	2.0	3.0	0.0	3.0	1.0	0.0	1.0	1.0	0.0
hsa-miR-616-5p	14.0	23.0	35.0	7.0	11.0	32.0	3.0	8.0	12.0	8.0
hsa-miR-6165	0.0	0.0	0.0	1.0	0.0	0.0	0.0	0.0	0.0	0.0
hsa-miR-618	13.0	12.0	6.0	7.0	0.0	28.0	21.0	14.0	5.0	5.0
hsa-miR-619-5p	93.0	127.0	164.0	220.0	13.0	30.0	60.0	13.0	39.0	17.0
hsa-miR-620	1.0	0.0	0.0	0.0	0.0	0.0	0.0	0.0	0.0	0.0
hsa-miR-624-3p	0.0	0.0	0.0	0.0	0.0	2.0	0.0	0.0	0.0	0.0
hsa-miR-624-5p	7.0	15.0	1.0	1.0	1.0	8.0	0.0	2.0	1.0	1.0
hsa-miR-625-3p	148.0	270.0	561.0	75.0	193.0	307.0	41.0	56.0	111.0	98.0
hsa-miR-625-5p	79.0	208.0	122.0	44.0	81.0	280.0	23.0	31.0	98.0	66.0
hsa-miR-627-3p	3.0	9.0	1.0	3.0	5.0	10.0	1.0	2.0	9.0	3.0
hsa-miR-627-5p	3.0	7.0	2.0	1.0	4.0	5.0	3.0	5.0	4.0	0.0
hsa-miR-628-3p	6.0	22.0	11.0	3.0	4.0	13.0	2.0	8.0	6.0	9.0
hsa-miR-628-5p	7.0	15.0	10.0	7.0	3.0	14.0	6.0	4.0	7.0	3.0
hsa-miR-629-3p	9.0	48.0	12.0	3.0	3.0	26.0	0.0	1.0	1.0	3.0
hsa-miR-629-5p	147.0	129.0	239.0	55.0	80.0	126.0	24.0	90.0	94.0	70.0
hsa-miR-636	9.0	9.0	16.0	3.0	2.0	1.0	0.0	13.0	4.0	3.0
hsa-miR-641	26.0	57.0	41.0	13.0	15.0	66.0	4.0	15.0	27.0	23.0
hsa-miR-642a-3p	1.0	18.0	17.0	6.0	6.0	14.0	7.0	10.0	8.0	2.0
hsa-miR-642a-5p	7.0	94.0	10.0	11.0	5.0	52.0	4.0	9.0	14.0	2.0
hsa-miR-642b-3p	0.0	4.0	6.0	3.0	0.0	3.0	1.0	4.0	3.0	0.0
hsa-miR-642b-5p	0.0	3.0	0.0	0.0	0.0	1.0	0.0	0.0	0.0	0.0
hsa-miR-643	1.0	7.0	2.0	1.0	2.0	3.0	1.0	2.0	0.0	2.0
hsa-miR-644a	0.0	0.0	0.0	1.0	0.0	0.0	0.0	0.0	0.0	0.0
hsa-miR-646	0.0	0.0	0.0	0.0	0.0	0.0	0.0	0.0	1.0	0.0
hsa-miR-6499-5p	0.0	0.0	0.0	0.0	0.0	1.0	0.0	0.0	0.0	0.0
hsa-miR-650	0.0	0.0	1.0	0.0	0.0	0.0	0.0	0.0	0.0	0.0
hsa-miR-6500-3p	0.0	6.0	3.0	0.0	4.0	2.0	3.0	1.0	2.0	0.0
hsa-miR-6501-3p	0.0	0.0	3.0	0.0	0.0	0.0	0.0	0.0	0.0	0.0
hsa-miR-6501-5p	1.0	3.0	17.0	0.0	1.0	2.0	4.0	1.0	1.0	0.0
hsa-miR-6502-5p	0.0	0.0	1.0	0.0	0.0	0.0	0.0	0.0	0.0	0.0
hsa-miR-6503-3p	0.0	2.0	2.0	0.0	0.0	0.0	0.0	0.0	1.0	0.0
hsa-miR-6503-5p	0.0	1.0	0.0	0.0	0.0	0.0	0.0	0.0	0.0	0.0
hsa-miR-6505-3p	4.0	1.0	2.0	2.0	2.0	4.0	0.0	2.0	2.0	3.0
hsa-miR-6505-5p	3.0	1.0	4.0	1.0	4.0	8.0	0.0	0.0	5.0	1.0
hsa-miR-6509-3p	2.0	3.0	3.0	1.0	2.0	1.0	0.0	0.0	0.0	0.0
hsa-miR-6509-5p	0.0	0.0	5.0	0.0	0.0	0.0	0.0	1.0	0.0	1.0
hsa-miR-651-5p	12.0	24.0	17.0	14.0	13.0	40.0	7.0	9.0	5.0	5.0
hsa-miR-6511a-3p	4.0	9.0	4.0	4.0	3.0	17.0	1.0	1.0	2.0	0.0
hsa-miR-6511a-5p	2.0	0.0	0.0	1.0	1.0	1.0	0.0	1.0	0.0	1.0
hsa-miR-6511b-3p	4.0	22.0	7.0	9.0	1.0	3.0	1.0	9.0	2.0	4.0
hsa-miR-6511b-5p	2.0	0.0	0.0	1.0	1.0	1.0	0.0	2.0	0.0	1.0
hsa-miR-6512-5p	0.0	0.0	0.0	0.0	0.0	1.0	0.0	0.0	0.0	0.0
hsa-miR-6513-3p	2.0	2.0	2.0	0.0	0.0	2.0	0.0	2.0	3.0	3.0
hsa-miR-6513-5p	0.0	0.0	0.0	0.0	1.0	0.0	0.0	0.0	0.0	1.0
hsa-miR-6514-3p	0.0	0.0	1.0	0.0	0.0	0.0	0.0	0.0	1.0	0.0
hsa-miR-6514-5p	0.0	1.0	1.0	0.0	1.0	2.0	2.0	2.0	0.0	2.0
hsa-miR-6515-3p	1.0	1.0	2.0	0.0	1.0	1.0	0.0	1.0	1.0	0.0
hsa-miR-6515-5p	0.0	2.0	0.0	2.0	0.0	0.0	0.0	1.0	0.0	0.0
hsa-miR-6516-3p	0.0	5.0	5.0	5.0	1.0	2.0	0.0	0.0	0.0	1.0
hsa-miR-6516-5p	1.0	2.0	3.0	0.0	1.0	5.0	1.0	3.0	1.0	0.0
hsa-miR-652-3p	214.0	203.0	406.0	146.0	143.0	257.0	23.0	180.0	122.0	148.0
hsa-miR-652-5p	1.0	2.0	6.0	9.0	0.0	10.0	1.0	0.0	4.0	0.0
hsa-miR-654-3p	0.0	2.0	2.0	0.0	0.0	0.0	0.0	1.0	0.0	4.0
hsa-miR-659-5p	25.0	17.0	55.0	14.0	11.0	20.0	5.0	28.0	15.0	21.0
hsa-miR-660-3p	2.0	7.0	2.0	1.0	0.0	6.0	1.0	1.0	0.0	0.0
hsa-miR-660-5p	142.0	515.0	309.0	167.0	128.0	530.0	79.0	122.0	119.0	139.0
hsa-miR-663a	0.0	0.0	2.0	1.0	0.0	1.0	0.0	0.0	0.0	0.0
hsa-miR-663b	6.0	2.0	5.0	3.0	3.0	38.0	0.0	2.0	0.0	2.0
hsa-miR-664a-3p	224.0	185.0	296.0	140.0	121.0	339.0	84.0	165.0	59.0	157.0
hsa-miR-664a-5p	13.0	14.0	39.0	9.0	9.0	28.0	4.0	15.0	8.0	9.0
hsa-miR-664b-3p	12.0	14.0	11.0	9.0	4.0	15.0	4.0	5.0	0.0	4.0
hsa-miR-664b-5p	4.0	4.0	11.0	4.0	0.0	2.0	0.0	1.0	0.0	0.0
hsa-miR-665	2.0	2.0	1.0	2.0	1.0	0.0	0.0	0.0	1.0	0.0
hsa-miR-671-3p	341.0	313.0	626.0	234.0	172.0	184.0	96.0	208.0	144.0	137.0
hsa-miR-671-5p	23.0	79.0	39.0	29.0	11.0	88.0	8.0	7.0	13.0	10.0
hsa-miR-6716-5p	0.0	0.0	0.0	0.0	0.0	1.0	0.0	0.0	0.0	0.0
hsa-miR-6717-5p	0.0	0.0	1.0	0.0	0.0	0.0	0.0	0.0	0.0	0.0
hsa-miR-6721-5p	0.0	1.0	0.0	1.0	0.0	0.0	2.0	1.0	0.0	3.0
hsa-miR-6723-5p	9.0	13.0	18.0	6.0	4.0	7.0	1.0	0.0	0.0	2.0
hsa-miR-6724-5p	16.0	11.0	31.0	4.0	19.0	25.0	5.0	9.0	22.0	4.0
hsa-miR-6726-3p	0.0	1.0	0.0	0.0	0.0	3.0	0.0	2.0	0.0	1.0
hsa-miR-6726-5p	0.0	0.0	0.0	0.0	0.0	0.0	0.0	1.0	0.0	0.0
hsa-miR-6727-3p	0.0	2.0	1.0	0.0	0.0	2.0	0.0	0.0	1.0	0.0
hsa-miR-6727-5p	0.0	1.0	0.0	0.0	0.0	0.0	0.0	1.0	0.0	0.0
hsa-miR-6728-5p	1.0	2.0	0.0	1.0	0.0	0.0	0.0	0.0	0.0	0.0
hsa-miR-6729-3p	0.0	2.0	1.0	0.0	0.0	0.0	0.0	0.0	0.0	0.0
hsa-miR-6729-5p	2.0	0.0	0.0	1.0	0.0	0.0	0.0	1.0	1.0	0.0
hsa-miR-6731-3p	9.0	14.0	12.0	4.0	2.0	11.0	0.0	2.0	6.0	6.0
hsa-miR-6731-5p	3.0	3.0	4.0	3.0	0.0	1.0	0.0	0.0	0.0	0.0
hsa-miR-6732-3p	2.0	4.0	5.0	2.0	0.0	2.0	1.0	2.0	2.0	2.0
hsa-miR-6732-5p	0.0	2.0	0.0	0.0	1.0	0.0	0.0	0.0	0.0	0.0
hsa-miR-6733-3p	0.0	0.0	0.0	2.0	0.0	0.0	0.0	0.0	0.0	0.0
hsa-miR-6733-5p	1.0	0.0	4.0	0.0	1.0	0.0	0.0	0.0	1.0	0.0
hsa-miR-6734-3p	0.0	0.0	0.0	0.0	0.0	1.0	0.0	0.0	0.0	0.0
hsa-miR-6734-5p	3.0	5.0	2.0	0.0	3.0	4.0	0.0	3.0	2.0	3.0
hsa-miR-6735-3p	1.0	1.0	4.0	1.0	2.0	0.0	0.0	0.0	0.0	1.0
hsa-miR-6735-5p	0.0	2.0	1.0	3.0	0.0	2.0	1.0	1.0	0.0	3.0
hsa-miR-6737-3p	0.0	10.0	6.0	1.0	1.0	15.0	1.0	3.0	2.0	2.0
hsa-miR-6738-3p	0.0	0.0	0.0	0.0	0.0	1.0	0.0	0.0	0.0	1.0
hsa-miR-6739-3p	0.0	0.0	0.0	0.0	2.0	3.0	1.0	0.0	0.0	2.0
hsa-miR-6741-3p	1.0	6.0	3.0	2.0	1.0	0.0	1.0	3.0	1.0	3.0
hsa-miR-6741-5p	0.0	1.0	0.0	0.0	0.0	2.0	0.0	0.0	0.0	0.0
hsa-miR-6742-3p	0.0	0.0	0.0	2.0	0.0	0.0	0.0	0.0	0.0	1.0
hsa-miR-6742-5p	0.0	0.0	0.0	1.0	0.0	0.0	0.0	0.0	0.0	0.0
hsa-miR-6743-3p	0.0	2.0	1.0	0.0	0.0	1.0	0.0	1.0	0.0	0.0
hsa-miR-6746-3p	0.0	0.0	1.0	0.0	0.0	0.0	0.0	0.0	0.0	0.0
hsa-miR-6747-3p	7.0	3.0	10.0	7.0	3.0	9.0	2.0	5.0	2.0	3.0
hsa-miR-6748-3p	1.0	0.0	0.0	0.0	1.0	0.0	0.0	0.0	0.0	0.0
hsa-miR-6748-5p	0.0	0.0	0.0	0.0	0.0	1.0	0.0	0.0	0.0	0.0
hsa-miR-6749-3p	4.0	3.0	5.0	1.0	2.0	2.0	0.0	0.0	1.0	0.0
hsa-miR-6750-3p	0.0	0.0	0.0	0.0	0.0	3.0	0.0	0.0	0.0	0.0
hsa-miR-6750-5p	0.0	0.0	0.0	0.0	0.0	0.0	0.0	1.0	0.0	0.0
hsa-miR-6751-3p	0.0	0.0	0.0	1.0	0.0	2.0	0.0	1.0	0.0	0.0
hsa-miR-6751-5p	1.0	1.0	0.0	1.0	1.0	0.0	0.0	0.0	0.0	0.0
hsa-miR-6753-3p	2.0	8.0	11.0	1.0	0.0	4.0	0.0	2.0	1.0	1.0
hsa-miR-6754-3p	1.0	1.0	1.0	0.0	0.0	0.0	0.0	2.0	0.0	0.0
hsa-miR-6754-5p	1.0	0.0	0.0	1.0	0.0	0.0	0.0	0.0	0.0	0.0
hsa-miR-6755-3p	0.0	0.0	0.0	0.0	1.0	0.0	0.0	0.0	0.0	0.0
hsa-miR-6755-5p	2.0	0.0	1.0	0.0	0.0	1.0	0.0	1.0	0.0	0.0
hsa-miR-6756-3p	0.0	1.0	0.0	0.0	0.0	0.0	0.0	0.0	0.0	0.0
hsa-miR-6758-3p	0.0	0.0	1.0	0.0	0.0	0.0	0.0	1.0	0.0	0.0
hsa-miR-6758-5p	0.0	0.0	0.0	1.0	0.0	0.0	0.0	0.0	0.0	0.0
hsa-miR-6762-3p	6.0	3.0	4.0	0.0	4.0	4.0	1.0	5.0	1.0	2.0
hsa-miR-6763-3p	0.0	0.0	2.0	3.0	2.0	1.0	1.0	1.0	0.0	0.0
hsa-miR-6763-5p	0.0	0.0	0.0	0.0	0.0	1.0	0.0	0.0	1.0	0.0
hsa-miR-6764-3p	1.0	0.0	0.0	1.0	0.0	1.0	0.0	0.0	0.0	0.0
hsa-miR-6764-5p	0.0	0.0	0.0	0.0	0.0	1.0	0.0	0.0	0.0	0.0
hsa-miR-6765-3p	2.0	0.0	2.0	0.0	1.0	1.0	0.0	1.0	2.0	1.0
hsa-miR-6766-3p	1.0	0.0	0.0	1.0	0.0	1.0	0.0	0.0	1.0	0.0
hsa-miR-6767-5p	0.0	1.0	0.0	0.0	0.0	0.0	0.0	0.0	0.0	0.0
hsa-miR-6768-3p	0.0	2.0	0.0	0.0	0.0	1.0	0.0	0.0	0.0	0.0
hsa-miR-6768-5p	0.0	0.0	2.0	0.0	0.0	0.0	0.0	0.0	0.0	0.0
hsa-miR-6769a-5p	0.0	1.0	0.0	1.0	0.0	0.0	0.0	0.0	0.0	0.0
hsa-miR-6769b-3p	10.0	16.0	25.0	13.0	3.0	9.0	2.0	8.0	9.0	9.0
hsa-miR-6770-3p	1.0	4.0	2.0	1.0	7.0	2.0	0.0	1.0	1.0	4.0
hsa-miR-6770-5p	0.0	0.0	0.0	0.0	1.0	0.0	0.0	0.0	0.0	0.0
hsa-miR-6771-3p	0.0	1.0	0.0	0.0	0.0	0.0	0.0	0.0	0.0	0.0
hsa-miR-6771-5p	0.0	0.0	0.0	0.0	1.0	0.0	0.0	0.0	0.0	0.0
hsa-miR-6774-3p	6.0	13.0	6.0	1.0	9.0	5.0	0.0	2.0	3.0	4.0
hsa-miR-6774-5p	3.0	7.0	2.0	1.0	3.0	1.0	0.0	2.0	2.0	0.0
hsa-miR-6775-3p	6.0	3.0	7.0	9.0	2.0	3.0	1.0	2.0	0.0	5.0
hsa-miR-6776-3p	0.0	0.0	0.0	0.0	0.0	0.0	1.0	0.0	0.0	2.0
hsa-miR-6777-3p	1.0	4.0	2.0	1.0	2.0	2.0	1.0	1.0	1.0	0.0
hsa-miR-6777-5p	0.0	0.0	0.0	1.0	0.0	0.0	0.0	0.0	0.0	1.0
hsa-miR-6778-3p	0.0	0.0	0.0	0.0	0.0	0.0	0.0	1.0	0.0	0.0
hsa-miR-6779-3p	1.0	0.0	0.0	1.0	0.0	0.0	0.0	0.0	0.0	0.0
hsa-miR-6779-5p	0.0	0.0	1.0	1.0	0.0	0.0	0.0	0.0	1.0	0.0
hsa-miR-6780a-3p	0.0	0.0	2.0	0.0	0.0	0.0	0.0	0.0	0.0	0.0
hsa-miR-6780a-5p	1.0	0.0	2.0	0.0	1.0	2.0	1.0	0.0	0.0	0.0
hsa-miR-6780b-3p	0.0	0.0	0.0	1.0	1.0	0.0	0.0	0.0	0.0	0.0
hsa-miR-6780b-5p	1.0	0.0	0.0	0.0	0.0	0.0	0.0	0.0	0.0	0.0
hsa-miR-6781-3p	0.0	0.0	0.0	0.0	0.0	3.0	0.0	1.0	0.0	0.0
hsa-miR-6781-5p	0.0	0.0	0.0	0.0	0.0	1.0	0.0	0.0	1.0	0.0
hsa-miR-6782-3p	1.0	1.0	2.0	0.0	0.0	0.0	4.0	0.0	0.0	1.0
hsa-miR-6782-5p	0.0	1.0	1.0	0.0	1.0	0.0	1.0	0.0	0.0	0.0
hsa-miR-6783-3p	0.0	1.0	1.0	1.0	2.0	0.0	1.0	0.0	2.0	0.0
hsa-miR-6783-5p	0.0	0.0	4.0	2.0	0.0	0.0	1.0	1.0	0.0	1.0
hsa-miR-6784-3p	0.0	0.0	1.0	0.0	0.0	0.0	0.0	0.0	0.0	0.0
hsa-miR-6785-3p	0.0	1.0	0.0	0.0	0.0	0.0	0.0	0.0	0.0	0.0
hsa-miR-6785-5p	0.0	0.0	0.0	0.0	0.0	1.0	0.0	0.0	0.0	0.0
hsa-miR-6786-3p	2.0	1.0	0.0	1.0	3.0	1.0	0.0	0.0	0.0	1.0
hsa-miR-6787-3p	0.0	1.0	0.0	1.0	2.0	3.0	0.0	0.0	2.0	0.0
hsa-miR-6787-5p	0.0	1.0	0.0	1.0	0.0	0.0	0.0	0.0	0.0	0.0
hsa-miR-6788-3p	3.0	4.0	0.0	1.0	0.0	0.0	0.0	0.0	1.0	2.0
hsa-miR-6788-5p	1.0	1.0	1.0	1.0	0.0	0.0	0.0	0.0	0.0	0.0
hsa-miR-6789-5p	0.0	0.0	1.0	0.0	0.0	0.0	0.0	0.0	0.0	0.0
hsa-miR-6791-3p	0.0	2.0	1.0	0.0	0.0	2.0	0.0	4.0	0.0	1.0
hsa-miR-6793-3p	0.0	4.0	1.0	2.0	0.0	2.0	1.0	0.0	0.0	1.0
hsa-miR-6793-5p	0.0	0.0	2.0	0.0	0.0	0.0	0.0	0.0	0.0	0.0
hsa-miR-6796-3p	0.0	0.0	0.0	0.0	0.0	0.0	0.0	0.0	0.0	1.0
hsa-miR-6796-5p	0.0	3.0	0.0	0.0	0.0	1.0	0.0	0.0	1.0	1.0
hsa-miR-6797-3p	0.0	0.0	1.0	1.0	1.0	3.0	0.0	1.0	0.0	0.0
hsa-miR-6797-5p	0.0	0.0	1.0	2.0	1.0	0.0	0.0	0.0	1.0	0.0
hsa-miR-6798-3p	0.0	4.0	3.0	2.0	4.0	3.0	0.0	2.0	2.0	4.0
hsa-miR-6798-5p	0.0	0.0	0.0	0.0	0.0	1.0	0.0	0.0	0.0	0.0
hsa-miR-6799-3p	0.0	2.0	0.0	1.0	0.0	0.0	0.0	0.0	0.0	0.0
hsa-miR-6800-3p	0.0	1.0	0.0	0.0	0.0	0.0	0.0	0.0	0.0	0.0
hsa-miR-6801-3p	0.0	0.0	0.0	0.0	0.0	1.0	0.0	1.0	0.0	0.0
hsa-miR-6802-3p	2.0	3.0	1.0	0.0	6.0	2.0	1.0	0.0	0.0	2.0
hsa-miR-6802-5p	0.0	0.0	0.0	0.0	0.0	1.0	0.0	0.0	0.0	0.0
hsa-miR-6803-3p	3.0	8.0	5.0	6.0	1.0	5.0	2.0	3.0	1.0	4.0
hsa-miR-6803-5p	0.0	0.0	0.0	1.0	0.0	0.0	0.0	0.0	0.0	0.0
hsa-miR-6804-3p	0.0	0.0	2.0	0.0	2.0	1.0	1.0	0.0	0.0	1.0
hsa-miR-6804-5p	0.0	3.0	2.0	0.0	0.0	0.0	0.0	1.0	0.0	1.0
hsa-miR-6805-3p	0.0	0.0	3.0	0.0	0.0	0.0	2.0	0.0	0.0	0.0
hsa-miR-6805-5p	0.0	0.0	1.0	1.0	0.0	0.0	0.0	0.0	0.0	0.0
hsa-miR-6806-3p	2.0	3.0	1.0	0.0	0.0	0.0	0.0	3.0	0.0	1.0
hsa-miR-6807-3p	0.0	4.0	0.0	1.0	0.0	3.0	0.0	1.0	0.0	0.0
hsa-miR-6807-5p	0.0	0.0	0.0	0.0	0.0	1.0	0.0	0.0	0.0	0.0
hsa-miR-6810-3p	0.0	3.0	0.0	1.0	0.0	1.0	0.0	0.0	0.0	0.0
hsa-miR-6810-5p	1.0	0.0	0.0	0.0	0.0	0.0	0.0	0.0	0.0	0.0
hsa-miR-6812-3p	1.0	2.0	2.0	1.0	1.0	1.0	0.0	0.0	2.0	0.0
hsa-miR-6812-5p	0.0	0.0	0.0	0.0	0.0	0.0	0.0	1.0	0.0	0.0
hsa-miR-6813-3p	0.0	0.0	0.0	1.0	0.0	0.0	0.0	0.0	0.0	0.0
hsa-miR-6813-5p	0.0	1.0	0.0	0.0	0.0	0.0	0.0	2.0	0.0	0.0
hsa-miR-6816-3p	0.0	0.0	0.0	0.0	1.0	0.0	0.0	0.0	0.0	0.0
hsa-miR-6817-3p	0.0	0.0	2.0	0.0	0.0	1.0	0.0	1.0	1.0	0.0
hsa-miR-6818-3p	1.0	2.0	0.0	0.0	0.0	0.0	0.0	0.0	0.0	0.0
hsa-miR-6819-3p	3.0	5.0	1.0	1.0	2.0	4.0	1.0	2.0	3.0	1.0
hsa-miR-6820-3p	0.0	4.0	2.0	1.0	1.0	0.0	0.0	0.0	0.0	0.0
hsa-miR-6821-3p	0.0	0.0	0.0	0.0	0.0	1.0	0.0	0.0	0.0	0.0
hsa-miR-6822-3p	1.0	0.0	0.0	0.0	0.0	0.0	0.0	0.0	0.0	0.0
hsa-miR-6823-3p	0.0	0.0	0.0	0.0	0.0	2.0	0.0	0.0	0.0	0.0
hsa-miR-6823-5p	0.0	2.0	0.0	0.0	0.0	0.0	0.0	0.0	0.0	0.0
hsa-miR-6824-3p	1.0	5.0	6.0	1.0	1.0	3.0	1.0	3.0	2.0	0.0
hsa-miR-6824-5p	0.0	0.0	0.0	1.0	0.0	0.0	0.0	1.0	0.0	0.0
hsa-miR-6825-3p	0.0	1.0	0.0	1.0	0.0	0.0	0.0	0.0	0.0	0.0
hsa-miR-6825-5p	4.0	1.0	4.0	1.0	0.0	0.0	1.0	1.0	0.0	0.0
hsa-miR-6826-3p	0.0	2.0	0.0	0.0	0.0	2.0	0.0	0.0	0.0	0.0
hsa-miR-6827-3p	2.0	0.0	0.0	0.0	0.0	0.0	0.0	0.0	0.0	0.0
hsa-miR-6829-5p	0.0	2.0	0.0	0.0	0.0	0.0	0.0	0.0	0.0	0.0
hsa-miR-6832-3p	0.0	1.0	0.0	0.0	0.0	0.0	0.0	0.0	0.0	0.0
hsa-miR-6832-5p	0.0	1.0	0.0	0.0	2.0	0.0	0.0	0.0	0.0	0.0
hsa-miR-6833-3p	0.0	1.0	1.0	0.0	0.0	0.0	0.0	1.0	0.0	0.0
hsa-miR-6833-5p	0.0	0.0	1.0	0.0	0.0	0.0	0.0	0.0	0.0	0.0
hsa-miR-6834-3p	0.0	1.0	0.0	0.0	0.0	0.0	0.0	0.0	0.0	0.0
hsa-miR-6836-3p	4.0	2.0	2.0	3.0	1.0	1.0	0.0	0.0	2.0	2.0
hsa-miR-6836-5p	1.0	2.0	1.0	1.0	1.0	0.0	1.0	0.0	2.0	1.0
hsa-miR-6837-3p	0.0	1.0	3.0	0.0	1.0	1.0	0.0	1.0	0.0	2.0
hsa-miR-6837-5p	0.0	1.0	0.0	0.0	0.0	0.0	1.0	0.0	0.0	0.0
hsa-miR-6838-5p	0.0	1.0	3.0	1.0	0.0	0.0	0.0	2.0	0.0	0.0
hsa-miR-6839-5p	1.0	0.0	1.0	2.0	0.0	0.0	0.0	1.0	0.0	1.0
hsa-miR-6840-3p	0.0	0.0	0.0	0.0	0.0	4.0	0.0	0.0	0.0	0.0
hsa-miR-6840-5p	10.0	0.0	5.0	2.0	1.0	11.0	2.0	8.0	0.0	1.0
hsa-miR-6842-3p	303.0	185.0	619.0	265.0	173.0	239.0	58.0	252.0	159.0	321.0
hsa-miR-6842-5p	0.0	1.0	4.0	0.0	0.0	0.0	0.0	3.0	0.0	0.0
hsa-miR-6843-3p	0.0	1.0	0.0	0.0	0.0	0.0	0.0	0.0	0.0	0.0
hsa-miR-6844	0.0	0.0	2.0	1.0	0.0	0.0	2.0	0.0	0.0	0.0
hsa-miR-6845-5p	0.0	1.0	0.0	0.0	0.0	0.0	0.0	0.0	0.0	0.0
hsa-miR-6847-5p	0.0	2.0	1.0	0.0	0.0	1.0	2.0	0.0	1.0	1.0
hsa-miR-6848-5p	0.0	2.0	0.0	0.0	0.0	0.0	0.0	0.0	0.0	0.0
hsa-miR-6850-3p	0.0	2.0	2.0	0.0	2.0	5.0	0.0	0.0	0.0	0.0
hsa-miR-6850-5p	0.0	0.0	1.0	1.0	0.0	0.0	0.0	2.0	0.0	0.0
hsa-miR-6851-3p	0.0	2.0	0.0	0.0	0.0	0.0	0.0	0.0	0.0	0.0
hsa-miR-6851-5p	2.0	0.0	2.0	1.0	1.0	0.0	0.0	0.0	0.0	0.0
hsa-miR-6852-3p	0.0	1.0	4.0	1.0	0.0	1.0	0.0	1.0	0.0	0.0
hsa-miR-6852-5p	4.0	6.0	9.0	4.0	2.0	2.0	3.0	5.0	1.0	4.0
hsa-miR-6853-3p	0.0	4.0	4.0	1.0	0.0	0.0	0.0	3.0	0.0	0.0
hsa-miR-6855-3p	3.0	1.0	2.0	1.0	0.0	0.0	0.0	0.0	1.0	1.0
hsa-miR-6855-5p	0.0	0.0	0.0	1.0	0.0	0.0	0.0	0.0	0.0	0.0
hsa-miR-6857-3p	5.0	3.0	3.0	0.0	3.0	1.0	2.0	4.0	1.0	1.0
hsa-miR-6858-5p	1.0	1.0	1.0	0.0	0.0	0.0	0.0	0.0	0.0	0.0
hsa-miR-6859-3p	2.0	2.0	2.0	1.0	1.0	0.0	1.0	0.0	1.0	0.0
hsa-miR-6859-5p	9.0	2.0	13.0	11.0	4.0	4.0	2.0	7.0	6.0	4.0
hsa-miR-6860	0.0	0.0	1.0	0.0	0.0	0.0	0.0	0.0	0.0	0.0
hsa-miR-6861-5p	0.0	0.0	0.0	1.0	0.0	0.0	0.0	0.0	0.0	0.0
hsa-miR-6862-3p	1.0	2.0	0.0	0.0	1.0	1.0	0.0	1.0	1.0	0.0
hsa-miR-6862-5p	0.0	0.0	1.0	1.0	0.0	0.0	0.0	1.0	0.0	0.0
hsa-miR-6864-5p	0.0	0.0	0.0	1.0	0.0	1.0	0.0	1.0	0.0	0.0
hsa-miR-6865-3p	0.0	0.0	2.0	0.0	0.0	1.0	0.0	0.0	0.0	0.0
hsa-miR-6865-5p	1.0	1.0	2.0	0.0	1.0	0.0	0.0	0.0	0.0	0.0
hsa-miR-6866-3p	1.0	1.0	3.0	0.0	0.0	0.0	0.0	0.0	1.0	0.0
hsa-miR-6866-5p	1.0	1.0	13.0	5.0	0.0	5.0	2.0	3.0	1.0	4.0
hsa-miR-6867-5p	0.0	1.0	0.0	0.0	0.0	0.0	0.0	0.0	0.0	0.0
hsa-miR-6868-3p	1.0	0.0	0.0	4.0	1.0	0.0	0.0	0.0	0.0	3.0
hsa-miR-6869-5p	1.0	0.0	0.0	0.0	0.0	0.0	0.0	0.0	0.0	1.0
hsa-miR-6870-3p	0.0	0.0	0.0	0.0	0.0	1.0	0.0	0.0	0.0	0.0
hsa-miR-6871-3p	0.0	0.0	0.0	0.0	0.0	0.0	0.0	2.0	0.0	0.0
hsa-miR-6871-5p	1.0	0.0	0.0	0.0	0.0	0.0	0.0	0.0	0.0	0.0
hsa-miR-6873-3p	0.0	0.0	2.0	0.0	0.0	2.0	0.0	0.0	1.0	1.0
hsa-miR-6874-3p	0.0	0.0	0.0	1.0	0.0	0.0	0.0	1.0	0.0	0.0
hsa-miR-6875-3p	0.0	0.0	1.0	0.0	0.0	0.0	0.0	0.0	0.0	0.0
hsa-miR-6875-5p	0.0	1.0	1.0	0.0	1.0	0.0	1.0	0.0	0.0	0.0
hsa-miR-6876-5p	0.0	0.0	0.0	0.0	0.0	1.0	0.0	0.0	0.0	0.0
hsa-miR-6877-3p	0.0	1.0	1.0	2.0	0.0	1.0	0.0	0.0	0.0	0.0
hsa-miR-6877-5p	0.0	1.0	1.0	0.0	0.0	0.0	0.0	1.0	0.0	1.0
hsa-miR-6879-3p	4.0	0.0	6.0	1.0	0.0	2.0	0.0	2.0	1.0	2.0
hsa-miR-6880-3p	0.0	1.0	1.0	1.0	0.0	0.0	0.0	0.0	0.0	0.0
hsa-miR-6881-3p	1.0	9.0	6.0	6.0	0.0	9.0	0.0	4.0	2.0	2.0
hsa-miR-6881-5p	1.0	0.0	2.0	0.0	0.0	3.0	0.0	0.0	0.0	0.0
hsa-miR-6882-3p	0.0	0.0	0.0	0.0	0.0	0.0	0.0	0.0	0.0	1.0
hsa-miR-6882-5p	2.0	0.0	0.0	0.0	1.0	0.0	0.0	1.0	0.0	0.0
hsa-miR-6883-3p	0.0	1.0	0.0	1.0	0.0	1.0	0.0	0.0	0.0	0.0
hsa-miR-6884-3p	0.0	0.0	0.0	0.0	1.0	0.0	0.0	0.0	0.0	0.0
hsa-miR-6884-5p	4.0	0.0	0.0	2.0	0.0	2.0	0.0	2.0	1.0	0.0
hsa-miR-6885-3p	2.0	3.0	3.0	0.0	0.0	0.0	0.0	0.0	0.0	0.0
hsa-miR-6885-5p	0.0	1.0	1.0	0.0	0.0	0.0	0.0	0.0	0.0	0.0
hsa-miR-6886-3p	1.0	1.0	4.0	0.0	0.0	1.0	0.0	1.0	1.0	1.0
hsa-miR-6886-5p	0.0	1.0	0.0	0.0	0.0	0.0	0.0	1.0	0.0	0.0
hsa-miR-6889-3p	0.0	0.0	5.0	0.0	0.0	1.0	3.0	0.0	0.0	0.0
hsa-miR-6889-5p	0.0	0.0	0.0	0.0	0.0	1.0	0.0	0.0	0.0	0.0
hsa-miR-6890-3p	0.0	0.0	0.0	0.0	0.0	0.0	0.0	0.0	1.0	0.0
hsa-miR-6891-5p	3.0	6.0	3.0	1.0	2.0	4.0	0.0	2.0	1.0	0.0
hsa-miR-6892-3p	0.0	1.0	0.0	0.0	0.0	0.0	0.0	0.0	0.0	0.0
hsa-miR-6892-5p	0.0	0.0	0.0	1.0	0.0	0.0	0.0	0.0	0.0	0.0
hsa-miR-6894-3p	2.0	1.0	2.0	3.0	0.0	4.0	0.0	2.0	1.0	2.0
hsa-miR-6894-5p	1.0	1.0	0.0	0.0	0.0	1.0	0.0	0.0	1.0	1.0
hsa-miR-6895-3p	0.0	0.0	1.0	0.0	0.0	0.0	0.0	1.0	0.0	0.0
hsa-miR-6895-5p	0.0	0.0	2.0	1.0	0.0	1.0	0.0	0.0	0.0	0.0
hsa-miR-7-1-3p	69.0	221.0	171.0	58.0	36.0	79.0	45.0	61.0	77.0	28.0
hsa-miR-7-5p	38.0	258.0	116.0	51.0	77.0	80.0	50.0	79.0	32.0	33.0
hsa-miR-708-3p	0.0	1.0	0.0	0.0	0.0	1.0	0.0	0.0	0.0	0.0
hsa-miR-7107-3p	0.0	1.0	0.0	0.0	0.0	0.0	0.0	1.0	0.0	1.0
hsa-miR-7108-3p	1.0	3.0	1.0	0.0	2.0	0.0	0.0	1.0	1.0	0.0
hsa-miR-7108-5p	0.0	0.0	2.0	1.0	0.0	0.0	0.0	0.0	0.0	0.0
hsa-miR-7109-3p	0.0	1.0	2.0	0.0	0.0	0.0	0.0	0.0	1.0	0.0
hsa-miR-7110-3p	0.0	4.0	0.0	0.0	0.0	2.0	0.0	0.0	0.0	0.0
hsa-miR-7110-5p	0.0	0.0	0.0	0.0	0.0	0.0	0.0	1.0	0.0	0.0
hsa-miR-7111-5p	2.0	0.0	0.0	0.0	1.0	0.0	0.0	0.0	0.0	0.0
hsa-miR-7112-3p	0.0	1.0	1.0	0.0	0.0	2.0	0.0	0.0	0.0	0.0
hsa-miR-7113-3p	0.0	0.0	0.0	0.0	1.0	0.0	0.0	0.0	0.0	0.0
hsa-miR-7114-3p	1.0	3.0	0.0	3.0	1.0	1.0	1.0	1.0	0.0	0.0
hsa-miR-7114-5p	0.0	1.0	0.0	1.0	0.0	0.0	0.0	0.0	0.0	0.0
hsa-miR-7151-3p	0.0	1.0	0.0	0.0	0.0	0.0	1.0	0.0	0.0	0.0
hsa-miR-7152-3p	0.0	1.0	0.0	0.0	0.0	0.0	0.0	0.0	0.0	0.0
hsa-miR-7155-3p	0.0	2.0	2.0	0.0	0.0	0.0	0.0	0.0	0.0	0.0
hsa-miR-7159-3p	0.0	0.0	0.0	0.0	0.0	0.0	1.0	0.0	0.0	0.0
hsa-miR-7159-5p	1.0	0.0	0.0	0.0	0.0	0.0	0.0	0.0	0.0	0.0
hsa-miR-744-3p	8.0	27.0	13.0	4.0	5.0	12.0	5.0	4.0	3.0	7.0
hsa-miR-744-5p	143.0	646.0	289.0	147.0	126.0	402.0	89.0	82.0	233.0	149.0
hsa-miR-760	4.0	9.0	4.0	3.0	0.0	6.0	2.0	4.0	1.0	0.0
hsa-miR-7641	21.0	6.0	28.0	15.0	4.0	11.0	1.0	4.0	6.0	7.0
hsa-miR-765	0.0	3.0	0.0	0.0	0.0	0.0	0.0	0.0	0.0	0.0
hsa-miR-766-3p	163.0	666.0	373.0	120.0	150.0	281.0	54.0	118.0	117.0	137.0
hsa-miR-766-5p	4.0	59.0	22.0	9.0	3.0	15.0	3.0	9.0	1.0	3.0
hsa-miR-767-5p	0.0	0.0	0.0	0.0	1.0	0.0	0.0	0.0	0.0	0.0
hsa-miR-769-3p	3.0	54.0	4.0	3.0	2.0	38.0	3.0	5.0	3.0	4.0
hsa-miR-769-5p	727.0	2164.0	2295.0	1176.0	851.0	1896.0	576.0	612.0	633.0	774.0
hsa-miR-7702	0.0	0.0	3.0	1.0	0.0	0.0	0.0	0.0	0.0	0.0
hsa-miR-7703	8.0	10.0	11.0	4.0	2.0	1.0	3.0	2.0	0.0	7.0
hsa-miR-7704	125.0	97.0	148.0	281.0	32.0	29.0	7.0	13.0	102.0	38.0
hsa-miR-7705	1.0	7.0	10.0	6.0	3.0	4.0	5.0	7.0	7.0	4.0
hsa-miR-7706	485.0	330.0	1434.0	382.0	270.0	216.0	365.0	517.0	183.0	427.0
hsa-miR-7845-5p	0.0	1.0	6.0	0.0	1.0	0.0	1.0	0.0	1.0	0.0
hsa-miR-7846-3p	0.0	0.0	0.0	0.0	0.0	0.0	0.0	0.0	0.0	1.0
hsa-miR-7847-3p	6.0	4.0	2.0	1.0	0.0	0.0	0.0	2.0	0.0	2.0
hsa-miR-7850-5p	0.0	0.0	0.0	0.0	0.0	1.0	0.0	0.0	1.0	0.0
hsa-miR-7851-3p	0.0	2.0	0.0	0.0	0.0	0.0	0.0	0.0	1.0	0.0
hsa-miR-7854-3p	1.0	2.0	2.0	1.0	0.0	1.0	0.0	1.0	0.0	0.0
hsa-miR-7974	353.0	820.0	573.0	109.0	417.0	297.0	291.0	234.0	122.0	233.0
hsa-miR-7975	0.0	0.0	1.0	0.0	0.0	0.0	0.0	0.0	0.0	0.0
hsa-miR-7976	16.0	10.0	8.0	0.0	5.0	5.0	3.0	3.0	1.0	1.0
hsa-miR-7977	712.0	2135.0	1444.0	487.0	367.0	448.0	42.0	482.0	294.0	268.0
hsa-miR-8072	0.0	0.0	3.0	0.0	0.0	0.0	0.0	0.0	0.0	1.0
hsa-miR-8485	0.0	2.0	0.0	1.0	1.0	0.0	0.0	0.0	0.0	0.0
hsa-miR-874-3p	324.0	229.0	498.0	288.0	335.0	287.0	181.0	262.0	236.0	261.0
hsa-miR-874-5p	12.0	20.0	53.0	14.0	19.0	20.0	16.0	15.0	28.0	13.0
hsa-miR-877-3p	2.0	8.0	6.0	0.0	1.0	3.0	1.0	1.0	0.0	1.0
hsa-miR-877-5p	150.0	146.0	140.0	150.0	44.0	106.0	35.0	73.0	43.0	56.0
hsa-miR-885-5p	0.0	0.0	0.0	0.0	0.0	2.0	0.0	0.0	0.0	0.0
hsa-miR-888-5p	0.0	0.0	0.0	1.0	0.0	0.0	0.0	0.0	0.0	0.0
hsa-miR-889-3p	0.0	1.0	0.0	0.0	0.0	0.0	0.0	0.0	0.0	0.0
hsa-miR-891a-5p	1.0	0.0	2.0	0.0	3.0	3.0	0.0	0.0	0.0	1.0
hsa-miR-9-3p	7.0	49.0	20.0	10.0	4.0	12.0	6.0	7.0	18.0	6.0
hsa-miR-9-5p	344.0	1365.0	619.0	585.0	215.0	497.0	138.0	150.0	792.0	276.0
hsa-miR-92a-1-5p	172.0	320.0	333.0	82.0	66.0	165.0	67.0	70.0	41.0	56.0
hsa-miR-92a-2-5p	1.0	21.0	6.0	0.0	0.0	2.0	1.0	2.0	0.0	0.0
hsa-miR-92a-3p	306244.0	202808.0	534661.0	168825.0	139266.0	143912.0	100057.0	141196.0	133962.0	152206.0
hsa-miR-92b-3p	3615.0	3623.0	6267.0	1185.0	2090.0	1085.0	792.0	1595.0	1318.0	1559.0
hsa-miR-92b-5p	4.0	5.0	11.0	1.0	3.0	3.0	0.0	2.0	2.0	1.0
hsa-miR-93-3p	32.0	106.0	52.0	33.0	22.0	49.0	19.0	25.0	26.0	27.0
hsa-miR-93-5p	2296.0	7756.0	5532.0	1593.0	2085.0	4528.0	1997.0	1750.0	1754.0	1743.0
hsa-miR-933	0.0	0.0	2.0	2.0	0.0	0.0	0.0	1.0	1.0	0.0
hsa-miR-935	0.0	0.0	2.0	0.0	0.0	0.0	0.0	1.0	0.0	0.0
hsa-miR-937-3p	1.0	1.0	3.0	2.0	1.0	1.0	0.0	1.0	0.0	1.0
hsa-miR-937-5p	2.0	0.0	0.0	0.0	0.0	1.0	0.0	0.0	0.0	0.0
hsa-miR-939-3p	0.0	2.0	0.0	3.0	0.0	1.0	0.0	0.0	1.0	1.0
hsa-miR-939-5p	0.0	1.0	1.0	0.0	0.0	0.0	0.0	2.0	0.0	1.0
hsa-miR-940	2.0	21.0	9.0	4.0	2.0	2.0	2.0	1.0	3.0	1.0
hsa-miR-941	563.0	1419.0	2386.0	1013.0	1315.0	556.0	776.0	1030.0	815.0	1013.0
hsa-miR-942-3p	5.0	7.0	8.0	1.0	4.0	3.0	3.0	4.0	1.0	2.0
hsa-miR-942-5p	124.0	121.0	264.0	85.0	83.0	111.0	25.0	49.0	131.0	63.0
hsa-miR-943	7.0	2.0	5.0	1.0	1.0	1.0	0.0	0.0	2.0	2.0
hsa-miR-944	11.0	35.0	95.0	6.0	5.0	84.0	0.0	3.0	38.0	6.0
hsa-miR-95-3p	2.0	1.0	0.0	0.0	0.0	1.0	0.0	0.0	0.0	0.0
hsa-miR-96-3p	0.0	1.0	0.0	0.0	0.0	0.0	0.0	0.0	0.0	0.0
hsa-miR-96-5p	7.0	12.0	5.0	6.0	12.0	4.0	1.0	14.0	2.0	7.0
hsa-miR-98-3p	13.0	37.0	21.0	24.0	18.0	23.0	10.0	12.0	30.0	18.0
hsa-miR-98-5p	5312.0	8528.0	8807.0	5812.0	6654.0	10093.0	2086.0	5351.0	5904.0	5883.0
hsa-miR-99a-3p	0.0	0.0	1.0	0.0	0.0	3.0	0.0	0.0	0.0	0.0
hsa-miR-99a-5p	25.0	3.0	58.0	19.0	1.0	30.0	3.0	54.0	0.0	35.0
hsa-miR-99b-3p	3.0	1.0	2.0	7.0	0.0	0.0	2.0	1.0	7.0	0.0
hsa-miR-99b-5p	129.0	11.0	118.0	86.0	31.0	27.0	49.0	241.0	254.0	122.0
